date,series,value,unit,source,as_of
2026-02-25,credit.hy_oas,3.0864,%,demo,2026-02-25
2026-02-26,credit.hy_oas,3.1756,%,demo,2026-02-26
2026-02-27,credit.hy_oas,3.2586,%,demo,2026-02-27
2026-03-02,credit.hy_oas,3.2212,%,demo,2026-03-02
2026-03-03,credit.hy_oas,3.2254,%,demo,2026-03-03
2026-03-04,credit.hy_oas,3.2667,%,demo,2026-03-04
2026-03-05,credit.hy_oas,3.2518,%,demo,2026-03-05
2026-03-06,credit.hy_oas,3.3078,%,demo,2026-03-06
2026-03-09,credit.hy_oas,3.2964,%,demo,2026-03-09
2026-03-10,credit.hy_oas,3.3221,%,demo,2026-03-10
2026-03-11,credit.hy_oas,3.3087,%,demo,2026-03-11
2026-03-12,credit.hy_oas,3.2065,%,demo,2026-03-12
2026-03-13,credit.hy_oas,3.1477,%,demo,2026-03-13
2026-03-16,credit.hy_oas,3.3396,%,demo,2026-03-16
2026-03-17,credit.hy_oas,3.3348,%,demo,2026-03-17
2026-03-18,credit.hy_oas,3.3908,%,demo,2026-03-18
2026-03-19,credit.hy_oas,3.4284,%,demo,2026-03-19
2026-03-20,credit.hy_oas,3.4938,%,demo,2026-03-20
2026-03-23,credit.hy_oas,3.482,%,demo,2026-03-23
2026-03-24,credit.hy_oas,3.405,%,demo,2026-03-24
2026-03-25,credit.hy_oas,3.3753,%,demo,2026-03-25
2026-03-26,credit.hy_oas,3.2374,%,demo,2026-03-26
2026-03-27,credit.hy_oas,3.2209,%,demo,2026-03-27
2026-03-30,credit.hy_oas,3.2705,%,demo,2026-03-30
2026-03-31,credit.hy_oas,3.1341,%,demo,2026-03-31
2026-04-01,credit.hy_oas,3.1554,%,demo,2026-04-01
2026-04-02,credit.hy_oas,3.2101,%,demo,2026-04-02
2026-04-03,credit.hy_oas,3.2858,%,demo,2026-04-03
2026-04-06,credit.hy_oas,3.219,%,demo,2026-04-06
2026-04-07,credit.hy_oas,3.1782,%,demo,2026-04-07
2026-04-08,credit.hy_oas,3.0723,%,demo,2026-04-08
2026-04-09,credit.hy_oas,3.0322,%,demo,2026-04-09
2026-04-10,credit.hy_oas,3.0884,%,demo,2026-04-10
2026-04-13,credit.hy_oas,3.2256,%,demo,2026-04-13
2026-04-14,credit.hy_oas,3.1551,%,demo,2026-04-14
2026-04-15,credit.hy_oas,3.2421,%,demo,2026-04-15
2026-04-16,credit.hy_oas,3.2607,%,demo,2026-04-16
2026-04-17,credit.hy_oas,3.2227,%,demo,2026-04-17
2026-04-20,credit.hy_oas,3.3471,%,demo,2026-04-20
2026-04-21,credit.hy_oas,3.1782,%,demo,2026-04-21
2026-04-22,credit.hy_oas,3.1775,%,demo,2026-04-22
2026-04-23,credit.hy_oas,3.1937,%,demo,2026-04-23
2026-04-24,credit.hy_oas,3.3187,%,demo,2026-04-24
2026-04-27,credit.hy_oas,3.4056,%,demo,2026-04-27
2026-04-28,credit.hy_oas,3.5067,%,demo,2026-04-28
2026-04-29,credit.hy_oas,3.4685,%,demo,2026-04-29
2026-04-30,credit.hy_oas,3.4854,%,demo,2026-04-30
2026-05-01,credit.hy_oas,3.5221,%,demo,2026-05-01
2026-05-04,credit.hy_oas,3.5036,%,demo,2026-05-04
2026-05-05,credit.hy_oas,3.4791,%,demo,2026-05-05
2026-05-06,credit.hy_oas,3.4265,%,demo,2026-05-06
2026-05-07,credit.hy_oas,3.3687,%,demo,2026-05-07
2026-05-08,credit.hy_oas,3.2718,%,demo,2026-05-08
2026-05-11,credit.hy_oas,3.3746,%,demo,2026-05-11
2026-05-12,credit.hy_oas,3.3224,%,demo,2026-05-12
2026-05-13,credit.hy_oas,3.1828,%,demo,2026-05-13
2026-05-14,credit.hy_oas,3.2008,%,demo,2026-05-14
2026-05-15,credit.hy_oas,3.1987,%,demo,2026-05-15
2026-05-18,credit.hy_oas,3.2091,%,demo,2026-05-18
2026-05-19,credit.hy_oas,3.3136,%,demo,2026-05-19
2026-05-20,credit.hy_oas,3.2904,%,demo,2026-05-20
2026-05-21,credit.hy_oas,3.2613,%,demo,2026-05-21
2026-05-22,credit.hy_oas,3.2086,%,demo,2026-05-22
2026-05-25,credit.hy_oas,3.206,%,demo,2026-05-25
2026-05-26,credit.hy_oas,3.1795,%,demo,2026-05-26
2026-05-27,credit.hy_oas,3.1945,%,demo,2026-05-27
2026-05-28,credit.hy_oas,3.3776,%,demo,2026-05-28
2026-05-29,credit.hy_oas,3.3739,%,demo,2026-05-29
2026-06-01,credit.hy_oas,3.2978,%,demo,2026-06-01
2026-06-02,credit.hy_oas,3.3958,%,demo,2026-06-02
2026-06-03,credit.hy_oas,3.4168,%,demo,2026-06-03
2026-06-04,credit.hy_oas,3.4319,%,demo,2026-06-04
2026-06-05,credit.hy_oas,3.4389,%,demo,2026-06-05
2026-06-08,credit.hy_oas,3.4509,%,demo,2026-06-08
2026-06-09,credit.hy_oas,3.4526,%,demo,2026-06-09
2026-06-10,credit.hy_oas,3.497,%,demo,2026-06-10
2026-06-11,credit.hy_oas,3.5112,%,demo,2026-06-11
2026-06-12,credit.hy_oas,3.5433,%,demo,2026-06-12
2026-06-15,credit.hy_oas,3.4625,%,demo,2026-06-15
2026-06-16,credit.hy_oas,3.423,%,demo,2026-06-16
2026-06-17,credit.hy_oas,3.347,%,demo,2026-06-17
2026-06-18,credit.hy_oas,3.3808,%,demo,2026-06-18
2026-06-19,credit.hy_oas,3.4022,%,demo,2026-06-19
2026-06-22,credit.hy_oas,3.3447,%,demo,2026-06-22
2026-06-23,credit.hy_oas,3.3571,%,demo,2026-06-23
2026-06-24,credit.hy_oas,3.4869,%,demo,2026-06-24
2026-06-25,credit.hy_oas,3.5161,%,demo,2026-06-25
2026-06-26,credit.hy_oas,3.4035,%,demo,2026-06-26
2026-06-29,credit.hy_oas,3.3676,%,demo,2026-06-29
2026-06-30,credit.hy_oas,3.3795,%,demo,2026-06-30
2026-02-25,credit.ig_oas,0.8993,%,demo,2026-02-25
2026-02-26,credit.ig_oas,0.9069,%,demo,2026-02-26
2026-02-27,credit.ig_oas,0.9289,%,demo,2026-02-27
2026-03-02,credit.ig_oas,0.9309,%,demo,2026-03-02
2026-03-03,credit.ig_oas,0.9049,%,demo,2026-03-03
2026-03-04,credit.ig_oas,0.9181,%,demo,2026-03-04
2026-03-05,credit.ig_oas,0.9135,%,demo,2026-03-05
2026-03-06,credit.ig_oas,0.9137,%,demo,2026-03-06
2026-03-09,credit.ig_oas,0.9006,%,demo,2026-03-09
2026-03-10,credit.ig_oas,0.8736,%,demo,2026-03-10
2026-03-11,credit.ig_oas,0.8533,%,demo,2026-03-11
2026-03-12,credit.ig_oas,0.8534,%,demo,2026-03-12
2026-03-13,credit.ig_oas,0.8396,%,demo,2026-03-13
2026-03-16,credit.ig_oas,0.7957,%,demo,2026-03-16
2026-03-17,credit.ig_oas,0.8337,%,demo,2026-03-17
2026-03-18,credit.ig_oas,0.8211,%,demo,2026-03-18
2026-03-19,credit.ig_oas,0.8188,%,demo,2026-03-19
2026-03-20,credit.ig_oas,0.8413,%,demo,2026-03-20
2026-03-23,credit.ig_oas,0.8032,%,demo,2026-03-23
2026-03-24,credit.ig_oas,0.8438,%,demo,2026-03-24
2026-03-25,credit.ig_oas,0.8373,%,demo,2026-03-25
2026-03-26,credit.ig_oas,0.8596,%,demo,2026-03-26
2026-03-27,credit.ig_oas,0.8562,%,demo,2026-03-27
2026-03-30,credit.ig_oas,0.8688,%,demo,2026-03-30
2026-03-31,credit.ig_oas,0.8755,%,demo,2026-03-31
2026-04-01,credit.ig_oas,0.8791,%,demo,2026-04-01
2026-04-02,credit.ig_oas,0.8467,%,demo,2026-04-02
2026-04-03,credit.ig_oas,0.8261,%,demo,2026-04-03
2026-04-06,credit.ig_oas,0.8363,%,demo,2026-04-06
2026-04-07,credit.ig_oas,0.8734,%,demo,2026-04-07
2026-04-08,credit.ig_oas,0.8667,%,demo,2026-04-08
2026-04-09,credit.ig_oas,0.8821,%,demo,2026-04-09
2026-04-10,credit.ig_oas,0.8879,%,demo,2026-04-10
2026-04-13,credit.ig_oas,0.8992,%,demo,2026-04-13
2026-04-14,credit.ig_oas,0.9186,%,demo,2026-04-14
2026-04-15,credit.ig_oas,0.8866,%,demo,2026-04-15
2026-04-16,credit.ig_oas,0.894,%,demo,2026-04-16
2026-04-17,credit.ig_oas,0.8914,%,demo,2026-04-17
2026-04-20,credit.ig_oas,0.8866,%,demo,2026-04-20
2026-04-21,credit.ig_oas,0.872,%,demo,2026-04-21
2026-04-22,credit.ig_oas,0.8609,%,demo,2026-04-22
2026-04-23,credit.ig_oas,0.8467,%,demo,2026-04-23
2026-04-24,credit.ig_oas,0.8333,%,demo,2026-04-24
2026-04-27,credit.ig_oas,0.8922,%,demo,2026-04-27
2026-04-28,credit.ig_oas,0.9265,%,demo,2026-04-28
2026-04-29,credit.ig_oas,0.9227,%,demo,2026-04-29
2026-04-30,credit.ig_oas,0.9338,%,demo,2026-04-30
2026-05-01,credit.ig_oas,0.9097,%,demo,2026-05-01
2026-05-04,credit.ig_oas,0.854,%,demo,2026-05-04
2026-05-05,credit.ig_oas,0.8254,%,demo,2026-05-05
2026-05-06,credit.ig_oas,0.8394,%,demo,2026-05-06
2026-05-07,credit.ig_oas,0.8765,%,demo,2026-05-07
2026-05-08,credit.ig_oas,0.8792,%,demo,2026-05-08
2026-05-11,credit.ig_oas,0.8628,%,demo,2026-05-11
2026-05-12,credit.ig_oas,0.8637,%,demo,2026-05-12
2026-05-13,credit.ig_oas,0.8497,%,demo,2026-05-13
2026-05-14,credit.ig_oas,0.8301,%,demo,2026-05-14
2026-05-15,credit.ig_oas,0.836,%,demo,2026-05-15
2026-05-18,credit.ig_oas,0.8378,%,demo,2026-05-18
2026-05-19,credit.ig_oas,0.8313,%,demo,2026-05-19
2026-05-20,credit.ig_oas,0.8244,%,demo,2026-05-20
2026-05-21,credit.ig_oas,0.8176,%,demo,2026-05-21
2026-05-22,credit.ig_oas,0.8346,%,demo,2026-05-22
2026-05-25,credit.ig_oas,0.8715,%,demo,2026-05-25
2026-05-26,credit.ig_oas,0.8717,%,demo,2026-05-26
2026-05-27,credit.ig_oas,0.9195,%,demo,2026-05-27
2026-05-28,credit.ig_oas,0.8851,%,demo,2026-05-28
2026-05-29,credit.ig_oas,0.8926,%,demo,2026-05-29
2026-06-01,credit.ig_oas,0.8712,%,demo,2026-06-01
2026-06-02,credit.ig_oas,0.8724,%,demo,2026-06-02
2026-06-03,credit.ig_oas,0.8785,%,demo,2026-06-03
2026-06-04,credit.ig_oas,0.8926,%,demo,2026-06-04
2026-06-05,credit.ig_oas,0.9158,%,demo,2026-06-05
2026-06-08,credit.ig_oas,0.9026,%,demo,2026-06-08
2026-06-09,credit.ig_oas,0.878,%,demo,2026-06-09
2026-06-10,credit.ig_oas,0.8776,%,demo,2026-06-10
2026-06-11,credit.ig_oas,0.8867,%,demo,2026-06-11
2026-06-12,credit.ig_oas,0.8751,%,demo,2026-06-12
2026-06-15,credit.ig_oas,0.8962,%,demo,2026-06-15
2026-06-16,credit.ig_oas,0.9296,%,demo,2026-06-16
2026-06-17,credit.ig_oas,0.8974,%,demo,2026-06-17
2026-06-18,credit.ig_oas,0.9049,%,demo,2026-06-18
2026-06-19,credit.ig_oas,0.924,%,demo,2026-06-19
2026-06-22,credit.ig_oas,0.8829,%,demo,2026-06-22
2026-06-23,credit.ig_oas,0.8895,%,demo,2026-06-23
2026-06-24,credit.ig_oas,0.8867,%,demo,2026-06-24
2026-06-25,credit.ig_oas,0.8609,%,demo,2026-06-25
2026-06-26,credit.ig_oas,0.8924,%,demo,2026-06-26
2026-06-29,credit.ig_oas,0.8978,%,demo,2026-06-29
2026-06-30,credit.ig_oas,0.8888,%,demo,2026-06-30
2026-02-25,derived.ccgt_breakeven,21.59,USD/MWh,demo,2026-02-25
2026-02-26,derived.ccgt_breakeven,22.14,USD/MWh,demo,2026-02-26
2026-02-27,derived.ccgt_breakeven,21.99,USD/MWh,demo,2026-02-27
2026-03-02,derived.ccgt_breakeven,21.79,USD/MWh,demo,2026-03-02
2026-03-03,derived.ccgt_breakeven,21.1,USD/MWh,demo,2026-03-03
2026-03-04,derived.ccgt_breakeven,21.11,USD/MWh,demo,2026-03-04
2026-03-05,derived.ccgt_breakeven,22.24,USD/MWh,demo,2026-03-05
2026-03-06,derived.ccgt_breakeven,22.62,USD/MWh,demo,2026-03-06
2026-03-09,derived.ccgt_breakeven,23.46,USD/MWh,demo,2026-03-09
2026-03-10,derived.ccgt_breakeven,23.51,USD/MWh,demo,2026-03-10
2026-03-11,derived.ccgt_breakeven,23.67,USD/MWh,demo,2026-03-11
2026-03-12,derived.ccgt_breakeven,23.64,USD/MWh,demo,2026-03-12
2026-03-13,derived.ccgt_breakeven,22.05,USD/MWh,demo,2026-03-13
2026-03-16,derived.ccgt_breakeven,22.82,USD/MWh,demo,2026-03-16
2026-03-17,derived.ccgt_breakeven,23.19,USD/MWh,demo,2026-03-17
2026-03-18,derived.ccgt_breakeven,23.49,USD/MWh,demo,2026-03-18
2026-03-19,derived.ccgt_breakeven,21.9,USD/MWh,demo,2026-03-19
2026-03-20,derived.ccgt_breakeven,20.51,USD/MWh,demo,2026-03-20
2026-03-23,derived.ccgt_breakeven,20.05,USD/MWh,demo,2026-03-23
2026-03-24,derived.ccgt_breakeven,20.01,USD/MWh,demo,2026-03-24
2026-03-25,derived.ccgt_breakeven,20.62,USD/MWh,demo,2026-03-25
2026-03-26,derived.ccgt_breakeven,20.85,USD/MWh,demo,2026-03-26
2026-03-27,derived.ccgt_breakeven,21.52,USD/MWh,demo,2026-03-27
2026-03-30,derived.ccgt_breakeven,21.11,USD/MWh,demo,2026-03-30
2026-03-31,derived.ccgt_breakeven,21.57,USD/MWh,demo,2026-03-31
2026-04-01,derived.ccgt_breakeven,22.02,USD/MWh,demo,2026-04-01
2026-04-02,derived.ccgt_breakeven,21.52,USD/MWh,demo,2026-04-02
2026-04-03,derived.ccgt_breakeven,23.1,USD/MWh,demo,2026-04-03
2026-04-06,derived.ccgt_breakeven,23.46,USD/MWh,demo,2026-04-06
2026-04-07,derived.ccgt_breakeven,24.31,USD/MWh,demo,2026-04-07
2026-04-08,derived.ccgt_breakeven,23.5,USD/MWh,demo,2026-04-08
2026-04-09,derived.ccgt_breakeven,22.71,USD/MWh,demo,2026-04-09
2026-04-10,derived.ccgt_breakeven,22.38,USD/MWh,demo,2026-04-10
2026-04-13,derived.ccgt_breakeven,22.29,USD/MWh,demo,2026-04-13
2026-04-14,derived.ccgt_breakeven,22.84,USD/MWh,demo,2026-04-14
2026-04-15,derived.ccgt_breakeven,22.98,USD/MWh,demo,2026-04-15
2026-04-16,derived.ccgt_breakeven,22.52,USD/MWh,demo,2026-04-16
2026-04-17,derived.ccgt_breakeven,21.7,USD/MWh,demo,2026-04-17
2026-04-20,derived.ccgt_breakeven,21.37,USD/MWh,demo,2026-04-20
2026-04-21,derived.ccgt_breakeven,22.55,USD/MWh,demo,2026-04-21
2026-04-22,derived.ccgt_breakeven,21.85,USD/MWh,demo,2026-04-22
2026-04-23,derived.ccgt_breakeven,22.13,USD/MWh,demo,2026-04-23
2026-04-24,derived.ccgt_breakeven,22.53,USD/MWh,demo,2026-04-24
2026-04-27,derived.ccgt_breakeven,21.26,USD/MWh,demo,2026-04-27
2026-04-28,derived.ccgt_breakeven,21.47,USD/MWh,demo,2026-04-28
2026-04-29,derived.ccgt_breakeven,22.71,USD/MWh,demo,2026-04-29
2026-04-30,derived.ccgt_breakeven,20.97,USD/MWh,demo,2026-04-30
2026-05-01,derived.ccgt_breakeven,20.91,USD/MWh,demo,2026-05-01
2026-05-04,derived.ccgt_breakeven,21.05,USD/MWh,demo,2026-05-04
2026-05-05,derived.ccgt_breakeven,20.56,USD/MWh,demo,2026-05-05
2026-05-06,derived.ccgt_breakeven,21.26,USD/MWh,demo,2026-05-06
2026-05-07,derived.ccgt_breakeven,21.38,USD/MWh,demo,2026-05-07
2026-05-08,derived.ccgt_breakeven,20.3,USD/MWh,demo,2026-05-08
2026-05-11,derived.ccgt_breakeven,21.31,USD/MWh,demo,2026-05-11
2026-05-12,derived.ccgt_breakeven,22.04,USD/MWh,demo,2026-05-12
2026-05-13,derived.ccgt_breakeven,22.89,USD/MWh,demo,2026-05-13
2026-05-14,derived.ccgt_breakeven,24.02,USD/MWh,demo,2026-05-14
2026-05-15,derived.ccgt_breakeven,24.08,USD/MWh,demo,2026-05-15
2026-05-18,derived.ccgt_breakeven,23.93,USD/MWh,demo,2026-05-18
2026-05-19,derived.ccgt_breakeven,22.61,USD/MWh,demo,2026-05-19
2026-05-20,derived.ccgt_breakeven,23.1,USD/MWh,demo,2026-05-20
2026-05-21,derived.ccgt_breakeven,22.48,USD/MWh,demo,2026-05-21
2026-05-22,derived.ccgt_breakeven,22.09,USD/MWh,demo,2026-05-22
2026-05-25,derived.ccgt_breakeven,21.07,USD/MWh,demo,2026-05-25
2026-05-26,derived.ccgt_breakeven,20.46,USD/MWh,demo,2026-05-26
2026-05-27,derived.ccgt_breakeven,20.3,USD/MWh,demo,2026-05-27
2026-05-28,derived.ccgt_breakeven,21.7,USD/MWh,demo,2026-05-28
2026-05-29,derived.ccgt_breakeven,20.1,USD/MWh,demo,2026-05-29
2026-06-01,derived.ccgt_breakeven,19.22,USD/MWh,demo,2026-06-01
2026-06-02,derived.ccgt_breakeven,19.9,USD/MWh,demo,2026-06-02
2026-06-03,derived.ccgt_breakeven,21.49,USD/MWh,demo,2026-06-03
2026-06-04,derived.ccgt_breakeven,22.11,USD/MWh,demo,2026-06-04
2026-06-05,derived.ccgt_breakeven,20.56,USD/MWh,demo,2026-06-05
2026-06-08,derived.ccgt_breakeven,18.72,USD/MWh,demo,2026-06-08
2026-06-09,derived.ccgt_breakeven,19.57,USD/MWh,demo,2026-06-09
2026-06-10,derived.ccgt_breakeven,19.38,USD/MWh,demo,2026-06-10
2026-06-11,derived.ccgt_breakeven,18.89,USD/MWh,demo,2026-06-11
2026-06-12,derived.ccgt_breakeven,20.24,USD/MWh,demo,2026-06-12
2026-06-15,derived.ccgt_breakeven,21.49,USD/MWh,demo,2026-06-15
2026-06-16,derived.ccgt_breakeven,21.76,USD/MWh,demo,2026-06-16
2026-06-17,derived.ccgt_breakeven,22.06,USD/MWh,demo,2026-06-17
2026-06-18,derived.ccgt_breakeven,22.47,USD/MWh,demo,2026-06-18
2026-06-19,derived.ccgt_breakeven,23.8,USD/MWh,demo,2026-06-19
2026-06-22,derived.ccgt_breakeven,24.11,USD/MWh,demo,2026-06-22
2026-06-23,derived.ccgt_breakeven,24.29,USD/MWh,demo,2026-06-23
2026-06-24,derived.ccgt_breakeven,24.47,USD/MWh,demo,2026-06-24
2026-06-25,derived.ccgt_breakeven,22.84,USD/MWh,demo,2026-06-25
2026-06-26,derived.ccgt_breakeven,23.85,USD/MWh,demo,2026-06-26
2026-06-29,derived.ccgt_breakeven,24.44,USD/MWh,demo,2026-06-29
2026-06-30,derived.ccgt_breakeven,24.5749,USD/MWh,derived,2026-06-30
2026-02-25,derived.curve_2s10s,48.0,bp,demo,2026-02-25
2026-02-26,derived.curve_2s10s,48.1,bp,demo,2026-02-26
2026-02-27,derived.curve_2s10s,50.6,bp,demo,2026-02-27
2026-03-02,derived.curve_2s10s,47.5,bp,demo,2026-03-02
2026-03-03,derived.curve_2s10s,47.6,bp,demo,2026-03-03
2026-03-04,derived.curve_2s10s,38.6,bp,demo,2026-03-04
2026-03-05,derived.curve_2s10s,41.5,bp,demo,2026-03-05
2026-03-06,derived.curve_2s10s,47.5,bp,demo,2026-03-06
2026-03-09,derived.curve_2s10s,37.3,bp,demo,2026-03-09
2026-03-10,derived.curve_2s10s,41.1,bp,demo,2026-03-10
2026-03-11,derived.curve_2s10s,36.3,bp,demo,2026-03-11
2026-03-12,derived.curve_2s10s,41.1,bp,demo,2026-03-12
2026-03-13,derived.curve_2s10s,44.1,bp,demo,2026-03-13
2026-03-16,derived.curve_2s10s,38.4,bp,demo,2026-03-16
2026-03-17,derived.curve_2s10s,38.5,bp,demo,2026-03-17
2026-03-18,derived.curve_2s10s,31.8,bp,demo,2026-03-18
2026-03-19,derived.curve_2s10s,38.9,bp,demo,2026-03-19
2026-03-20,derived.curve_2s10s,42.4,bp,demo,2026-03-20
2026-03-23,derived.curve_2s10s,46.2,bp,demo,2026-03-23
2026-03-24,derived.curve_2s10s,39.1,bp,demo,2026-03-24
2026-03-25,derived.curve_2s10s,41.8,bp,demo,2026-03-25
2026-03-26,derived.curve_2s10s,37.1,bp,demo,2026-03-26
2026-03-27,derived.curve_2s10s,32.4,bp,demo,2026-03-27
2026-03-30,derived.curve_2s10s,27.8,bp,demo,2026-03-30
2026-03-31,derived.curve_2s10s,45.3,bp,demo,2026-03-31
2026-04-01,derived.curve_2s10s,42.7,bp,demo,2026-04-01
2026-04-02,derived.curve_2s10s,48.2,bp,demo,2026-04-02
2026-04-03,derived.curve_2s10s,46.6,bp,demo,2026-04-03
2026-04-06,derived.curve_2s10s,48.0,bp,demo,2026-04-06
2026-04-07,derived.curve_2s10s,40.9,bp,demo,2026-04-07
2026-04-08,derived.curve_2s10s,35.0,bp,demo,2026-04-08
2026-04-09,derived.curve_2s10s,34.0,bp,demo,2026-04-09
2026-04-10,derived.curve_2s10s,44.4,bp,demo,2026-04-10
2026-04-13,derived.curve_2s10s,42.8,bp,demo,2026-04-13
2026-04-14,derived.curve_2s10s,36.7,bp,demo,2026-04-14
2026-04-15,derived.curve_2s10s,23.8,bp,demo,2026-04-15
2026-04-16,derived.curve_2s10s,28.4,bp,demo,2026-04-16
2026-04-17,derived.curve_2s10s,38.4,bp,demo,2026-04-17
2026-04-20,derived.curve_2s10s,42.1,bp,demo,2026-04-20
2026-04-21,derived.curve_2s10s,39.4,bp,demo,2026-04-21
2026-04-22,derived.curve_2s10s,33.2,bp,demo,2026-04-22
2026-04-23,derived.curve_2s10s,35.9,bp,demo,2026-04-23
2026-04-24,derived.curve_2s10s,31.7,bp,demo,2026-04-24
2026-04-27,derived.curve_2s10s,32.2,bp,demo,2026-04-27
2026-04-28,derived.curve_2s10s,31.5,bp,demo,2026-04-28
2026-04-29,derived.curve_2s10s,31.6,bp,demo,2026-04-29
2026-04-30,derived.curve_2s10s,38.5,bp,demo,2026-04-30
2026-05-01,derived.curve_2s10s,33.7,bp,demo,2026-05-01
2026-05-04,derived.curve_2s10s,38.2,bp,demo,2026-05-04
2026-05-05,derived.curve_2s10s,41.2,bp,demo,2026-05-05
2026-05-06,derived.curve_2s10s,47.3,bp,demo,2026-05-06
2026-05-07,derived.curve_2s10s,56.1,bp,demo,2026-05-07
2026-05-08,derived.curve_2s10s,50.4,bp,demo,2026-05-08
2026-05-11,derived.curve_2s10s,53.9,bp,demo,2026-05-11
2026-05-12,derived.curve_2s10s,50.2,bp,demo,2026-05-12
2026-05-13,derived.curve_2s10s,38.4,bp,demo,2026-05-13
2026-05-14,derived.curve_2s10s,33.4,bp,demo,2026-05-14
2026-05-15,derived.curve_2s10s,38.5,bp,demo,2026-05-15
2026-05-18,derived.curve_2s10s,29.2,bp,demo,2026-05-18
2026-05-19,derived.curve_2s10s,29.6,bp,demo,2026-05-19
2026-05-20,derived.curve_2s10s,40.2,bp,demo,2026-05-20
2026-05-21,derived.curve_2s10s,45.0,bp,demo,2026-05-21
2026-05-22,derived.curve_2s10s,47.3,bp,demo,2026-05-22
2026-05-25,derived.curve_2s10s,48.7,bp,demo,2026-05-25
2026-05-26,derived.curve_2s10s,43.0,bp,demo,2026-05-26
2026-05-27,derived.curve_2s10s,52.1,bp,demo,2026-05-27
2026-05-28,derived.curve_2s10s,60.9,bp,demo,2026-05-28
2026-05-29,derived.curve_2s10s,60.9,bp,demo,2026-05-29
2026-06-01,derived.curve_2s10s,59.4,bp,demo,2026-06-01
2026-06-02,derived.curve_2s10s,54.0,bp,demo,2026-06-02
2026-06-03,derived.curve_2s10s,60.1,bp,demo,2026-06-03
2026-06-04,derived.curve_2s10s,53.3,bp,demo,2026-06-04
2026-06-05,derived.curve_2s10s,42.2,bp,demo,2026-06-05
2026-06-08,derived.curve_2s10s,26.3,bp,demo,2026-06-08
2026-06-09,derived.curve_2s10s,27.8,bp,demo,2026-06-09
2026-06-10,derived.curve_2s10s,31.6,bp,demo,2026-06-10
2026-06-11,derived.curve_2s10s,37.9,bp,demo,2026-06-11
2026-06-12,derived.curve_2s10s,32.5,bp,demo,2026-06-12
2026-06-15,derived.curve_2s10s,34.8,bp,demo,2026-06-15
2026-06-16,derived.curve_2s10s,32.0,bp,demo,2026-06-16
2026-06-17,derived.curve_2s10s,27.7,bp,demo,2026-06-17
2026-06-18,derived.curve_2s10s,19.2,bp,demo,2026-06-18
2026-06-19,derived.curve_2s10s,24.0,bp,demo,2026-06-19
2026-06-22,derived.curve_2s10s,32.8,bp,demo,2026-06-22
2026-06-23,derived.curve_2s10s,27.6,bp,demo,2026-06-23
2026-06-24,derived.curve_2s10s,27.8,bp,demo,2026-06-24
2026-06-25,derived.curve_2s10s,26.8,bp,demo,2026-06-25
2026-06-26,derived.curve_2s10s,31.9,bp,demo,2026-06-26
2026-06-29,derived.curve_2s10s,40.8,bp,demo,2026-06-29
2026-06-30,derived.curve_2s10s,46.97,bps,derived,2026-06-30
2026-06-30,derived.de_frankfurt.solar_proxy,0.74925,frac,derived,2026-06-30
2026-06-30,derived.de_frankfurt.wind_proxy,0.30881624493435383,frac,derived,2026-06-30
2026-02-25,derived.de_spark,6.68,EUR/MWh,demo,2026-02-25
2026-02-26,derived.de_spark,8.59,EUR/MWh,demo,2026-02-26
2026-02-27,derived.de_spark,10.24,EUR/MWh,demo,2026-02-27
2026-03-02,derived.de_spark,7.4,EUR/MWh,demo,2026-03-02
2026-03-03,derived.de_spark,-0.37,EUR/MWh,demo,2026-03-03
2026-03-04,derived.de_spark,0.63,EUR/MWh,demo,2026-03-04
2026-03-05,derived.de_spark,6.28,EUR/MWh,demo,2026-03-05
2026-03-06,derived.de_spark,10.64,EUR/MWh,demo,2026-03-06
2026-03-09,derived.de_spark,13.63,EUR/MWh,demo,2026-03-09
2026-03-10,derived.de_spark,18.72,EUR/MWh,demo,2026-03-10
2026-03-11,derived.de_spark,10.95,EUR/MWh,demo,2026-03-11
2026-03-12,derived.de_spark,9.83,EUR/MWh,demo,2026-03-12
2026-03-13,derived.de_spark,11.09,EUR/MWh,demo,2026-03-13
2026-03-16,derived.de_spark,15.96,EUR/MWh,demo,2026-03-16
2026-03-17,derived.de_spark,15.24,EUR/MWh,demo,2026-03-17
2026-03-18,derived.de_spark,16.71,EUR/MWh,demo,2026-03-18
2026-03-19,derived.de_spark,15.74,EUR/MWh,demo,2026-03-19
2026-03-20,derived.de_spark,26.28,EUR/MWh,demo,2026-03-20
2026-03-23,derived.de_spark,10.48,EUR/MWh,demo,2026-03-23
2026-03-24,derived.de_spark,9.53,EUR/MWh,demo,2026-03-24
2026-03-25,derived.de_spark,23.18,EUR/MWh,demo,2026-03-25
2026-03-26,derived.de_spark,21.83,EUR/MWh,demo,2026-03-26
2026-03-27,derived.de_spark,8.73,EUR/MWh,demo,2026-03-27
2026-03-30,derived.de_spark,8.96,EUR/MWh,demo,2026-03-30
2026-03-31,derived.de_spark,0.09,EUR/MWh,demo,2026-03-31
2026-04-01,derived.de_spark,-3.08,EUR/MWh,demo,2026-04-01
2026-04-02,derived.de_spark,-0.56,EUR/MWh,demo,2026-04-02
2026-04-03,derived.de_spark,10.2,EUR/MWh,demo,2026-04-03
2026-04-06,derived.de_spark,12.11,EUR/MWh,demo,2026-04-06
2026-04-07,derived.de_spark,14.92,EUR/MWh,demo,2026-04-07
2026-04-08,derived.de_spark,19.33,EUR/MWh,demo,2026-04-08
2026-04-09,derived.de_spark,18.36,EUR/MWh,demo,2026-04-09
2026-04-10,derived.de_spark,11.41,EUR/MWh,demo,2026-04-10
2026-04-13,derived.de_spark,9.9,EUR/MWh,demo,2026-04-13
2026-04-14,derived.de_spark,11.13,EUR/MWh,demo,2026-04-14
2026-04-15,derived.de_spark,8.62,EUR/MWh,demo,2026-04-15
2026-04-16,derived.de_spark,4.24,EUR/MWh,demo,2026-04-16
2026-04-17,derived.de_spark,2.29,EUR/MWh,demo,2026-04-17
2026-04-20,derived.de_spark,-5.96,EUR/MWh,demo,2026-04-20
2026-04-21,derived.de_spark,-10.22,EUR/MWh,demo,2026-04-21
2026-04-22,derived.de_spark,-8.45,EUR/MWh,demo,2026-04-22
2026-04-23,derived.de_spark,-8.5,EUR/MWh,demo,2026-04-23
2026-04-24,derived.de_spark,-6.25,EUR/MWh,demo,2026-04-24
2026-04-27,derived.de_spark,3.57,EUR/MWh,demo,2026-04-27
2026-04-28,derived.de_spark,5.53,EUR/MWh,demo,2026-04-28
2026-04-29,derived.de_spark,5.28,EUR/MWh,demo,2026-04-29
2026-04-30,derived.de_spark,-1.53,EUR/MWh,demo,2026-04-30
2026-05-01,derived.de_spark,-6.76,EUR/MWh,demo,2026-05-01
2026-05-04,derived.de_spark,-2.81,EUR/MWh,demo,2026-05-04
2026-05-05,derived.de_spark,-6.67,EUR/MWh,demo,2026-05-05
2026-05-06,derived.de_spark,-2.42,EUR/MWh,demo,2026-05-06
2026-05-07,derived.de_spark,-7.5,EUR/MWh,demo,2026-05-07
2026-05-08,derived.de_spark,-4.83,EUR/MWh,demo,2026-05-08
2026-05-11,derived.de_spark,-3.76,EUR/MWh,demo,2026-05-11
2026-05-12,derived.de_spark,3.32,EUR/MWh,demo,2026-05-12
2026-05-13,derived.de_spark,1.32,EUR/MWh,demo,2026-05-13
2026-05-14,derived.de_spark,-0.26,EUR/MWh,demo,2026-05-14
2026-05-15,derived.de_spark,1.96,EUR/MWh,demo,2026-05-15
2026-05-18,derived.de_spark,2.75,EUR/MWh,demo,2026-05-18
2026-05-19,derived.de_spark,12.86,EUR/MWh,demo,2026-05-19
2026-05-20,derived.de_spark,10.21,EUR/MWh,demo,2026-05-20
2026-05-21,derived.de_spark,6.34,EUR/MWh,demo,2026-05-21
2026-05-22,derived.de_spark,4.31,EUR/MWh,demo,2026-05-22
2026-05-25,derived.de_spark,7.17,EUR/MWh,demo,2026-05-25
2026-05-26,derived.de_spark,8.21,EUR/MWh,demo,2026-05-26
2026-05-27,derived.de_spark,11.75,EUR/MWh,demo,2026-05-27
2026-05-28,derived.de_spark,2.76,EUR/MWh,demo,2026-05-28
2026-05-29,derived.de_spark,17.42,EUR/MWh,demo,2026-05-29
2026-06-01,derived.de_spark,26.19,EUR/MWh,demo,2026-06-01
2026-06-02,derived.de_spark,22.85,EUR/MWh,demo,2026-06-02
2026-06-03,derived.de_spark,13.21,EUR/MWh,demo,2026-06-03
2026-06-04,derived.de_spark,12.88,EUR/MWh,demo,2026-06-04
2026-06-05,derived.de_spark,14.11,EUR/MWh,demo,2026-06-05
2026-06-08,derived.de_spark,-0.13,EUR/MWh,demo,2026-06-08
2026-06-09,derived.de_spark,0.74,EUR/MWh,demo,2026-06-09
2026-06-10,derived.de_spark,-7.14,EUR/MWh,demo,2026-06-10
2026-06-11,derived.de_spark,-2.66,EUR/MWh,demo,2026-06-11
2026-06-12,derived.de_spark,6.48,EUR/MWh,demo,2026-06-12
2026-06-15,derived.de_spark,12.24,EUR/MWh,demo,2026-06-15
2026-06-16,derived.de_spark,2.47,EUR/MWh,demo,2026-06-16
2026-06-17,derived.de_spark,10.84,EUR/MWh,demo,2026-06-17
2026-06-18,derived.de_spark,15.21,EUR/MWh,demo,2026-06-18
2026-06-19,derived.de_spark,11.61,EUR/MWh,demo,2026-06-19
2026-06-22,derived.de_spark,13.54,EUR/MWh,demo,2026-06-22
2026-06-23,derived.de_spark,21.03,EUR/MWh,demo,2026-06-23
2026-06-24,derived.de_spark,16.73,EUR/MWh,demo,2026-06-24
2026-06-25,derived.de_spark,14.89,EUR/MWh,demo,2026-06-25
2026-06-26,derived.de_spark,10.19,EUR/MWh,demo,2026-06-26
2026-06-29,derived.de_spark,16.11,EUR/MWh,demo,2026-06-29
2026-06-30,derived.de_spark,2.0211999999999932,EUR/MWh,derived,2026-06-30
2026-06-30,derived.ercot_dallas.solar_proxy,0.799125,frac,derived,2026-06-30
2026-06-30,derived.ercot_dallas.wind_proxy,0.3711605313278406,frac,derived,2026-06-30
2026-06-30,derived.ercot_houston.solar_proxy,0.721,frac,derived,2026-06-30
2026-06-30,derived.ercot_houston.wind_proxy,0.20106900759411112,frac,derived,2026-06-30
2026-02-25,derived.fuel_switch_carbon,-14.4,USD/tonne,demo,2026-02-25
2026-02-26,derived.fuel_switch_carbon,-13.25,USD/tonne,demo,2026-02-26
2026-02-27,derived.fuel_switch_carbon,-13.56,USD/tonne,demo,2026-02-27
2026-03-02,derived.fuel_switch_carbon,-13.99,USD/tonne,demo,2026-03-02
2026-03-03,derived.fuel_switch_carbon,-15.42,USD/tonne,demo,2026-03-03
2026-03-04,derived.fuel_switch_carbon,-15.39,USD/tonne,demo,2026-03-04
2026-03-05,derived.fuel_switch_carbon,-13.04,USD/tonne,demo,2026-03-05
2026-03-06,derived.fuel_switch_carbon,-12.25,USD/tonne,demo,2026-03-06
2026-03-09,derived.fuel_switch_carbon,-10.5,USD/tonne,demo,2026-03-09
2026-03-10,derived.fuel_switch_carbon,-10.4,USD/tonne,demo,2026-03-10
2026-03-11,derived.fuel_switch_carbon,-10.05,USD/tonne,demo,2026-03-11
2026-03-12,derived.fuel_switch_carbon,-10.13,USD/tonne,demo,2026-03-12
2026-03-13,derived.fuel_switch_carbon,-13.43,USD/tonne,demo,2026-03-13
2026-03-16,derived.fuel_switch_carbon,-11.82,USD/tonne,demo,2026-03-16
2026-03-17,derived.fuel_switch_carbon,-11.07,USD/tonne,demo,2026-03-17
2026-03-18,derived.fuel_switch_carbon,-10.44,USD/tonne,demo,2026-03-18
2026-03-19,derived.fuel_switch_carbon,-13.74,USD/tonne,demo,2026-03-19
2026-03-20,derived.fuel_switch_carbon,-16.64,USD/tonne,demo,2026-03-20
2026-03-23,derived.fuel_switch_carbon,-17.61,USD/tonne,demo,2026-03-23
2026-03-24,derived.fuel_switch_carbon,-17.69,USD/tonne,demo,2026-03-24
2026-03-25,derived.fuel_switch_carbon,-16.41,USD/tonne,demo,2026-03-25
2026-03-26,derived.fuel_switch_carbon,-15.93,USD/tonne,demo,2026-03-26
2026-03-27,derived.fuel_switch_carbon,-14.54,USD/tonne,demo,2026-03-27
2026-03-30,derived.fuel_switch_carbon,-15.39,USD/tonne,demo,2026-03-30
2026-03-31,derived.fuel_switch_carbon,-14.45,USD/tonne,demo,2026-03-31
2026-04-01,derived.fuel_switch_carbon,-13.5,USD/tonne,demo,2026-04-01
2026-04-02,derived.fuel_switch_carbon,-14.53,USD/tonne,demo,2026-04-02
2026-04-03,derived.fuel_switch_carbon,-11.25,USD/tonne,demo,2026-04-03
2026-04-06,derived.fuel_switch_carbon,-10.5,USD/tonne,demo,2026-04-06
2026-04-07,derived.fuel_switch_carbon,-8.74,USD/tonne,demo,2026-04-07
2026-04-08,derived.fuel_switch_carbon,-10.42,USD/tonne,demo,2026-04-08
2026-04-09,derived.fuel_switch_carbon,-12.06,USD/tonne,demo,2026-04-09
2026-04-10,derived.fuel_switch_carbon,-12.75,USD/tonne,demo,2026-04-10
2026-04-13,derived.fuel_switch_carbon,-12.93,USD/tonne,demo,2026-04-13
2026-04-14,derived.fuel_switch_carbon,-11.79,USD/tonne,demo,2026-04-14
2026-04-15,derived.fuel_switch_carbon,-11.5,USD/tonne,demo,2026-04-15
2026-04-16,derived.fuel_switch_carbon,-12.46,USD/tonne,demo,2026-04-16
2026-04-17,derived.fuel_switch_carbon,-14.17,USD/tonne,demo,2026-04-17
2026-04-20,derived.fuel_switch_carbon,-14.86,USD/tonne,demo,2026-04-20
2026-04-21,derived.fuel_switch_carbon,-12.4,USD/tonne,demo,2026-04-21
2026-04-22,derived.fuel_switch_carbon,-13.86,USD/tonne,demo,2026-04-22
2026-04-23,derived.fuel_switch_carbon,-13.26,USD/tonne,demo,2026-04-23
2026-04-24,derived.fuel_switch_carbon,-12.43,USD/tonne,demo,2026-04-24
2026-04-27,derived.fuel_switch_carbon,-15.08,USD/tonne,demo,2026-04-27
2026-04-28,derived.fuel_switch_carbon,-14.64,USD/tonne,demo,2026-04-28
2026-04-29,derived.fuel_switch_carbon,-12.07,USD/tonne,demo,2026-04-29
2026-04-30,derived.fuel_switch_carbon,-15.69,USD/tonne,demo,2026-04-30
2026-05-01,derived.fuel_switch_carbon,-15.8,USD/tonne,demo,2026-05-01
2026-05-04,derived.fuel_switch_carbon,-15.52,USD/tonne,demo,2026-05-04
2026-05-05,derived.fuel_switch_carbon,-16.53,USD/tonne,demo,2026-05-05
2026-05-06,derived.fuel_switch_carbon,-15.09,USD/tonne,demo,2026-05-06
2026-05-07,derived.fuel_switch_carbon,-14.84,USD/tonne,demo,2026-05-07
2026-05-08,derived.fuel_switch_carbon,-17.08,USD/tonne,demo,2026-05-08
2026-05-11,derived.fuel_switch_carbon,-14.98,USD/tonne,demo,2026-05-11
2026-05-12,derived.fuel_switch_carbon,-13.47,USD/tonne,demo,2026-05-12
2026-05-13,derived.fuel_switch_carbon,-11.7,USD/tonne,demo,2026-05-13
2026-05-14,derived.fuel_switch_carbon,-9.33,USD/tonne,demo,2026-05-14
2026-05-15,derived.fuel_switch_carbon,-9.2,USD/tonne,demo,2026-05-15
2026-05-18,derived.fuel_switch_carbon,-9.52,USD/tonne,demo,2026-05-18
2026-05-19,derived.fuel_switch_carbon,-12.27,USD/tonne,demo,2026-05-19
2026-05-20,derived.fuel_switch_carbon,-11.26,USD/tonne,demo,2026-05-20
2026-05-21,derived.fuel_switch_carbon,-12.55,USD/tonne,demo,2026-05-21
2026-05-22,derived.fuel_switch_carbon,-13.36,USD/tonne,demo,2026-05-22
2026-05-25,derived.fuel_switch_carbon,-15.48,USD/tonne,demo,2026-05-25
2026-05-26,derived.fuel_switch_carbon,-16.76,USD/tonne,demo,2026-05-26
2026-05-27,derived.fuel_switch_carbon,-17.08,USD/tonne,demo,2026-05-27
2026-05-28,derived.fuel_switch_carbon,-14.17,USD/tonne,demo,2026-05-28
2026-05-29,derived.fuel_switch_carbon,-17.5,USD/tonne,demo,2026-05-29
2026-06-01,derived.fuel_switch_carbon,-19.34,USD/tonne,demo,2026-06-01
2026-06-02,derived.fuel_switch_carbon,-17.92,USD/tonne,demo,2026-06-02
2026-06-03,derived.fuel_switch_carbon,-14.61,USD/tonne,demo,2026-06-03
2026-06-04,derived.fuel_switch_carbon,-13.32,USD/tonne,demo,2026-06-04
2026-06-05,derived.fuel_switch_carbon,-16.55,USD/tonne,demo,2026-06-05
2026-06-08,derived.fuel_switch_carbon,-20.38,USD/tonne,demo,2026-06-08
2026-06-09,derived.fuel_switch_carbon,-18.6,USD/tonne,demo,2026-06-09
2026-06-10,derived.fuel_switch_carbon,-19.01,USD/tonne,demo,2026-06-10
2026-06-11,derived.fuel_switch_carbon,-20.02,USD/tonne,demo,2026-06-11
2026-06-12,derived.fuel_switch_carbon,-17.22,USD/tonne,demo,2026-06-12
2026-06-15,derived.fuel_switch_carbon,-14.61,USD/tonne,demo,2026-06-15
2026-06-16,derived.fuel_switch_carbon,-14.05,USD/tonne,demo,2026-06-16
2026-06-17,derived.fuel_switch_carbon,-13.42,USD/tonne,demo,2026-06-17
2026-06-18,derived.fuel_switch_carbon,-12.55,USD/tonne,demo,2026-06-18
2026-06-19,derived.fuel_switch_carbon,-9.79,USD/tonne,demo,2026-06-19
2026-06-22,derived.fuel_switch_carbon,-9.14,USD/tonne,demo,2026-06-22
2026-06-23,derived.fuel_switch_carbon,-8.77,USD/tonne,demo,2026-06-23
2026-06-24,derived.fuel_switch_carbon,-8.4,USD/tonne,demo,2026-06-24
2026-06-25,derived.fuel_switch_carbon,-11.79,USD/tonne,demo,2026-06-25
2026-06-26,derived.fuel_switch_carbon,-9.69,USD/tonne,demo,2026-06-26
2026-06-29,derived.fuel_switch_carbon,-8.47,USD/tonne,demo,2026-06-29
2026-06-30,derived.fuel_switch_carbon,-8.177291666666669,USD/tonne,derived,2026-06-30
2026-06-30,derived.nl_rotterdam.solar_proxy,0.677375,frac,derived,2026-06-30
2026-06-30,derived.nl_rotterdam.wind_proxy,0.37220253560194655,frac,derived,2026-06-30
2026-06-30,derived.sg_singapore.solar_proxy,0.6992499999999999,frac,derived,2026-06-30
2026-06-30,derived.sg_singapore.wind_proxy,0.1198702052272481,frac,derived,2026-06-30
2026-02-25,derived.sg_spark,52.74,SGD/MWh,demo,2026-02-25
2026-02-26,derived.sg_spark,39.11,SGD/MWh,demo,2026-02-26
2026-02-27,derived.sg_spark,49.39,SGD/MWh,demo,2026-02-27
2026-03-02,derived.sg_spark,28.67,SGD/MWh,demo,2026-03-02
2026-03-03,derived.sg_spark,19.01,SGD/MWh,demo,2026-03-03
2026-03-04,derived.sg_spark,14.71,SGD/MWh,demo,2026-03-04
2026-03-05,derived.sg_spark,27.52,SGD/MWh,demo,2026-03-05
2026-03-06,derived.sg_spark,10.12,SGD/MWh,demo,2026-03-06
2026-03-09,derived.sg_spark,21.02,SGD/MWh,demo,2026-03-09
2026-03-10,derived.sg_spark,15.98,SGD/MWh,demo,2026-03-10
2026-03-11,derived.sg_spark,33.37,SGD/MWh,demo,2026-03-11
2026-03-12,derived.sg_spark,30.23,SGD/MWh,demo,2026-03-12
2026-03-13,derived.sg_spark,36.76,SGD/MWh,demo,2026-03-13
2026-03-16,derived.sg_spark,34.72,SGD/MWh,demo,2026-03-16
2026-03-17,derived.sg_spark,55.67,SGD/MWh,demo,2026-03-17
2026-03-18,derived.sg_spark,48.61,SGD/MWh,demo,2026-03-18
2026-03-19,derived.sg_spark,46.48,SGD/MWh,demo,2026-03-19
2026-03-20,derived.sg_spark,67.87,SGD/MWh,demo,2026-03-20
2026-03-23,derived.sg_spark,64.04,SGD/MWh,demo,2026-03-23
2026-03-24,derived.sg_spark,67.81,SGD/MWh,demo,2026-03-24
2026-03-25,derived.sg_spark,54.58,SGD/MWh,demo,2026-03-25
2026-03-26,derived.sg_spark,54.15,SGD/MWh,demo,2026-03-26
2026-03-27,derived.sg_spark,25.29,SGD/MWh,demo,2026-03-27
2026-03-30,derived.sg_spark,28.16,SGD/MWh,demo,2026-03-30
2026-03-31,derived.sg_spark,21.92,SGD/MWh,demo,2026-03-31
2026-04-01,derived.sg_spark,6.73,SGD/MWh,demo,2026-04-01
2026-04-02,derived.sg_spark,-5.18,SGD/MWh,demo,2026-04-02
2026-04-03,derived.sg_spark,14.23,SGD/MWh,demo,2026-04-03
2026-04-06,derived.sg_spark,22.48,SGD/MWh,demo,2026-04-06
2026-04-07,derived.sg_spark,7.05,SGD/MWh,demo,2026-04-07
2026-04-08,derived.sg_spark,32.39,SGD/MWh,demo,2026-04-08
2026-04-09,derived.sg_spark,24.95,SGD/MWh,demo,2026-04-09
2026-04-10,derived.sg_spark,22.4,SGD/MWh,demo,2026-04-10
2026-04-13,derived.sg_spark,27.34,SGD/MWh,demo,2026-04-13
2026-04-14,derived.sg_spark,15.56,SGD/MWh,demo,2026-04-14
2026-04-15,derived.sg_spark,0.01,SGD/MWh,demo,2026-04-15
2026-04-16,derived.sg_spark,-3.15,SGD/MWh,demo,2026-04-16
2026-04-17,derived.sg_spark,16.42,SGD/MWh,demo,2026-04-17
2026-04-20,derived.sg_spark,30.4,SGD/MWh,demo,2026-04-20
2026-04-21,derived.sg_spark,13.05,SGD/MWh,demo,2026-04-21
2026-04-22,derived.sg_spark,30.44,SGD/MWh,demo,2026-04-22
2026-04-23,derived.sg_spark,31.72,SGD/MWh,demo,2026-04-23
2026-04-24,derived.sg_spark,38.2,SGD/MWh,demo,2026-04-24
2026-04-27,derived.sg_spark,38.51,SGD/MWh,demo,2026-04-27
2026-04-28,derived.sg_spark,42.97,SGD/MWh,demo,2026-04-28
2026-04-29,derived.sg_spark,30.42,SGD/MWh,demo,2026-04-29
2026-04-30,derived.sg_spark,20.81,SGD/MWh,demo,2026-04-30
2026-05-01,derived.sg_spark,15.03,SGD/MWh,demo,2026-05-01
2026-05-04,derived.sg_spark,13.97,SGD/MWh,demo,2026-05-04
2026-05-05,derived.sg_spark,24.48,SGD/MWh,demo,2026-05-05
2026-05-06,derived.sg_spark,12.22,SGD/MWh,demo,2026-05-06
2026-05-07,derived.sg_spark,34.24,SGD/MWh,demo,2026-05-07
2026-05-08,derived.sg_spark,27.26,SGD/MWh,demo,2026-05-08
2026-05-11,derived.sg_spark,21.83,SGD/MWh,demo,2026-05-11
2026-05-12,derived.sg_spark,32.13,SGD/MWh,demo,2026-05-12
2026-05-13,derived.sg_spark,37.77,SGD/MWh,demo,2026-05-13
2026-05-14,derived.sg_spark,33.64,SGD/MWh,demo,2026-05-14
2026-05-15,derived.sg_spark,21.69,SGD/MWh,demo,2026-05-15
2026-05-18,derived.sg_spark,12.34,SGD/MWh,demo,2026-05-18
2026-05-19,derived.sg_spark,-2.51,SGD/MWh,demo,2026-05-19
2026-05-20,derived.sg_spark,16.52,SGD/MWh,demo,2026-05-20
2026-05-21,derived.sg_spark,32.0,SGD/MWh,demo,2026-05-21
2026-05-22,derived.sg_spark,54.23,SGD/MWh,demo,2026-05-22
2026-05-25,derived.sg_spark,57.31,SGD/MWh,demo,2026-05-25
2026-05-26,derived.sg_spark,58.01,SGD/MWh,demo,2026-05-26
2026-05-27,derived.sg_spark,63.5,SGD/MWh,demo,2026-05-27
2026-05-28,derived.sg_spark,70.41,SGD/MWh,demo,2026-05-28
2026-05-29,derived.sg_spark,62.31,SGD/MWh,demo,2026-05-29
2026-06-01,derived.sg_spark,62.49,SGD/MWh,demo,2026-06-01
2026-06-02,derived.sg_spark,83.44,SGD/MWh,demo,2026-06-02
2026-06-03,derived.sg_spark,56.82,SGD/MWh,demo,2026-06-03
2026-06-04,derived.sg_spark,37.52,SGD/MWh,demo,2026-06-04
2026-06-05,derived.sg_spark,26.22,SGD/MWh,demo,2026-06-05
2026-06-08,derived.sg_spark,36.44,SGD/MWh,demo,2026-06-08
2026-06-09,derived.sg_spark,50.14,SGD/MWh,demo,2026-06-09
2026-06-10,derived.sg_spark,44.16,SGD/MWh,demo,2026-06-10
2026-06-11,derived.sg_spark,50.75,SGD/MWh,demo,2026-06-11
2026-06-12,derived.sg_spark,48.03,SGD/MWh,demo,2026-06-12
2026-06-15,derived.sg_spark,49.74,SGD/MWh,demo,2026-06-15
2026-06-16,derived.sg_spark,41.49,SGD/MWh,demo,2026-06-16
2026-06-17,derived.sg_spark,40.4,SGD/MWh,demo,2026-06-17
2026-06-18,derived.sg_spark,39.74,SGD/MWh,demo,2026-06-18
2026-06-19,derived.sg_spark,52.3,SGD/MWh,demo,2026-06-19
2026-06-22,derived.sg_spark,75.69,SGD/MWh,demo,2026-06-22
2026-06-23,derived.sg_spark,48.82,SGD/MWh,demo,2026-06-23
2026-06-24,derived.sg_spark,53.1,SGD/MWh,demo,2026-06-24
2026-06-25,derived.sg_spark,50.53,SGD/MWh,demo,2026-06-25
2026-06-26,derived.sg_spark,59.59,SGD/MWh,demo,2026-06-26
2026-06-29,derived.sg_spark,68.37,SGD/MWh,demo,2026-06-29
2026-06-30,derived.sg_spark,72.5814,SGD/MWh,derived,2026-06-30
2026-02-25,derived.solar_lcoe,68.91,USD/MWh,demo,2026-02-25
2026-02-26,derived.solar_lcoe,68.89,USD/MWh,demo,2026-02-26
2026-02-27,derived.solar_lcoe,68.87,USD/MWh,demo,2026-02-27
2026-03-02,derived.solar_lcoe,68.78,USD/MWh,demo,2026-03-02
2026-03-03,derived.solar_lcoe,69.16,USD/MWh,demo,2026-03-03
2026-03-04,derived.solar_lcoe,69.21,USD/MWh,demo,2026-03-04
2026-03-05,derived.solar_lcoe,69.24,USD/MWh,demo,2026-03-05
2026-03-06,derived.solar_lcoe,69.56,USD/MWh,demo,2026-03-06
2026-03-09,derived.solar_lcoe,69.69,USD/MWh,demo,2026-03-09
2026-03-10,derived.solar_lcoe,69.32,USD/MWh,demo,2026-03-10
2026-03-11,derived.solar_lcoe,69.38,USD/MWh,demo,2026-03-11
2026-03-12,derived.solar_lcoe,69.45,USD/MWh,demo,2026-03-12
2026-03-13,derived.solar_lcoe,69.67,USD/MWh,demo,2026-03-13
2026-03-16,derived.solar_lcoe,69.77,USD/MWh,demo,2026-03-16
2026-03-17,derived.solar_lcoe,69.77,USD/MWh,demo,2026-03-17
2026-03-18,derived.solar_lcoe,69.45,USD/MWh,demo,2026-03-18
2026-03-19,derived.solar_lcoe,69.23,USD/MWh,demo,2026-03-19
2026-03-20,derived.solar_lcoe,69.23,USD/MWh,demo,2026-03-20
2026-03-23,derived.solar_lcoe,69.27,USD/MWh,demo,2026-03-23
2026-03-24,derived.solar_lcoe,69.05,USD/MWh,demo,2026-03-24
2026-03-25,derived.solar_lcoe,68.97,USD/MWh,demo,2026-03-25
2026-03-26,derived.solar_lcoe,68.9,USD/MWh,demo,2026-03-26
2026-03-27,derived.solar_lcoe,68.91,USD/MWh,demo,2026-03-27
2026-03-30,derived.solar_lcoe,68.97,USD/MWh,demo,2026-03-30
2026-03-31,derived.solar_lcoe,68.91,USD/MWh,demo,2026-03-31
2026-04-01,derived.solar_lcoe,68.71,USD/MWh,demo,2026-04-01
2026-04-02,derived.solar_lcoe,68.95,USD/MWh,demo,2026-04-02
2026-04-03,derived.solar_lcoe,69.2,USD/MWh,demo,2026-04-03
2026-04-06,derived.solar_lcoe,69.14,USD/MWh,demo,2026-04-06
2026-04-07,derived.solar_lcoe,69.28,USD/MWh,demo,2026-04-07
2026-04-08,derived.solar_lcoe,69.3,USD/MWh,demo,2026-04-08
2026-04-09,derived.solar_lcoe,69.35,USD/MWh,demo,2026-04-09
2026-04-10,derived.solar_lcoe,69.36,USD/MWh,demo,2026-04-10
2026-04-13,derived.solar_lcoe,69.17,USD/MWh,demo,2026-04-13
2026-04-14,derived.solar_lcoe,69.23,USD/MWh,demo,2026-04-14
2026-04-15,derived.solar_lcoe,69.35,USD/MWh,demo,2026-04-15
2026-04-16,derived.solar_lcoe,69.14,USD/MWh,demo,2026-04-16
2026-04-17,derived.solar_lcoe,69.42,USD/MWh,demo,2026-04-17
2026-04-20,derived.solar_lcoe,69.69,USD/MWh,demo,2026-04-20
2026-04-21,derived.solar_lcoe,69.87,USD/MWh,demo,2026-04-21
2026-04-22,derived.solar_lcoe,70.05,USD/MWh,demo,2026-04-22
2026-04-23,derived.solar_lcoe,70.0,USD/MWh,demo,2026-04-23
2026-04-24,derived.solar_lcoe,69.79,USD/MWh,demo,2026-04-24
2026-04-27,derived.solar_lcoe,69.56,USD/MWh,demo,2026-04-27
2026-04-28,derived.solar_lcoe,69.33,USD/MWh,demo,2026-04-28
2026-04-29,derived.solar_lcoe,69.29,USD/MWh,demo,2026-04-29
2026-04-30,derived.solar_lcoe,69.23,USD/MWh,demo,2026-04-30
2026-05-01,derived.solar_lcoe,69.29,USD/MWh,demo,2026-05-01
2026-05-04,derived.solar_lcoe,68.91,USD/MWh,demo,2026-05-04
2026-05-05,derived.solar_lcoe,69.29,USD/MWh,demo,2026-05-05
2026-05-06,derived.solar_lcoe,69.6,USD/MWh,demo,2026-05-06
2026-05-07,derived.solar_lcoe,69.5,USD/MWh,demo,2026-05-07
2026-05-08,derived.solar_lcoe,69.52,USD/MWh,demo,2026-05-08
2026-05-11,derived.solar_lcoe,69.51,USD/MWh,demo,2026-05-11
2026-05-12,derived.solar_lcoe,69.46,USD/MWh,demo,2026-05-12
2026-05-13,derived.solar_lcoe,69.35,USD/MWh,demo,2026-05-13
2026-05-14,derived.solar_lcoe,69.26,USD/MWh,demo,2026-05-14
2026-05-15,derived.solar_lcoe,69.08,USD/MWh,demo,2026-05-15
2026-05-18,derived.solar_lcoe,69.08,USD/MWh,demo,2026-05-18
2026-05-19,derived.solar_lcoe,69.06,USD/MWh,demo,2026-05-19
2026-05-20,derived.solar_lcoe,69.09,USD/MWh,demo,2026-05-20
2026-05-21,derived.solar_lcoe,68.93,USD/MWh,demo,2026-05-21
2026-05-22,derived.solar_lcoe,68.93,USD/MWh,demo,2026-05-22
2026-05-25,derived.solar_lcoe,68.94,USD/MWh,demo,2026-05-25
2026-05-26,derived.solar_lcoe,69.03,USD/MWh,demo,2026-05-26
2026-05-27,derived.solar_lcoe,68.84,USD/MWh,demo,2026-05-27
2026-05-28,derived.solar_lcoe,68.92,USD/MWh,demo,2026-05-28
2026-05-29,derived.solar_lcoe,69.08,USD/MWh,demo,2026-05-29
2026-06-01,derived.solar_lcoe,69.16,USD/MWh,demo,2026-06-01
2026-06-02,derived.solar_lcoe,69.06,USD/MWh,demo,2026-06-02
2026-06-03,derived.solar_lcoe,68.96,USD/MWh,demo,2026-06-03
2026-06-04,derived.solar_lcoe,68.92,USD/MWh,demo,2026-06-04
2026-06-05,derived.solar_lcoe,69.04,USD/MWh,demo,2026-06-05
2026-06-08,derived.solar_lcoe,69.27,USD/MWh,demo,2026-06-08
2026-06-09,derived.solar_lcoe,69.19,USD/MWh,demo,2026-06-09
2026-06-10,derived.solar_lcoe,69.05,USD/MWh,demo,2026-06-10
2026-06-11,derived.solar_lcoe,69.09,USD/MWh,demo,2026-06-11
2026-06-12,derived.solar_lcoe,69.1,USD/MWh,demo,2026-06-12
2026-06-15,derived.solar_lcoe,68.93,USD/MWh,demo,2026-06-15
2026-06-16,derived.solar_lcoe,68.81,USD/MWh,demo,2026-06-16
2026-06-17,derived.solar_lcoe,68.81,USD/MWh,demo,2026-06-17
2026-06-18,derived.solar_lcoe,68.93,USD/MWh,demo,2026-06-18
2026-06-19,derived.solar_lcoe,68.74,USD/MWh,demo,2026-06-19
2026-06-22,derived.solar_lcoe,68.6,USD/MWh,demo,2026-06-22
2026-06-23,derived.solar_lcoe,68.73,USD/MWh,demo,2026-06-23
2026-06-24,derived.solar_lcoe,68.56,USD/MWh,demo,2026-06-24
2026-06-25,derived.solar_lcoe,68.63,USD/MWh,demo,2026-06-25
2026-06-26,derived.solar_lcoe,68.73,USD/MWh,demo,2026-06-26
2026-06-29,derived.solar_lcoe,68.74,USD/MWh,demo,2026-06-29
2026-06-30,derived.solar_lcoe,68.60588870058588,USD/MWh,derived,2026-06-30
2026-02-25,eq.nasdaq,18472.7232,index,demo,2026-02-25
2026-02-26,eq.nasdaq,18412.7767,index,demo,2026-02-26
2026-02-27,eq.nasdaq,18599.3601,index,demo,2026-02-27
2026-03-02,eq.nasdaq,18648.9777,index,demo,2026-03-02
2026-03-03,eq.nasdaq,18847.0521,index,demo,2026-03-03
2026-03-04,eq.nasdaq,18854.1894,index,demo,2026-03-04
2026-03-05,eq.nasdaq,18777.4157,index,demo,2026-03-05
2026-03-06,eq.nasdaq,18819.8756,index,demo,2026-03-06
2026-03-09,eq.nasdaq,18680.426,index,demo,2026-03-09
2026-03-10,eq.nasdaq,18601.527,index,demo,2026-03-10
2026-03-11,eq.nasdaq,18521.8665,index,demo,2026-03-11
2026-03-12,eq.nasdaq,18492.8067,index,demo,2026-03-12
2026-03-13,eq.nasdaq,18584.2887,index,demo,2026-03-13
2026-03-16,eq.nasdaq,18515.7794,index,demo,2026-03-16
2026-03-17,eq.nasdaq,18550.7978,index,demo,2026-03-17
2026-03-18,eq.nasdaq,18485.3226,index,demo,2026-03-18
2026-03-19,eq.nasdaq,18590.052,index,demo,2026-03-19
2026-03-20,eq.nasdaq,18256.7075,index,demo,2026-03-20
2026-03-23,eq.nasdaq,18269.0836,index,demo,2026-03-23
2026-03-24,eq.nasdaq,18323.2928,index,demo,2026-03-24
2026-03-25,eq.nasdaq,18224.6423,index,demo,2026-03-25
2026-03-26,eq.nasdaq,18383.5134,index,demo,2026-03-26
2026-03-27,eq.nasdaq,18426.0966,index,demo,2026-03-27
2026-03-30,eq.nasdaq,18585.8221,index,demo,2026-03-30
2026-03-31,eq.nasdaq,18684.5292,index,demo,2026-03-31
2026-04-01,eq.nasdaq,18731.2437,index,demo,2026-04-01
2026-04-02,eq.nasdaq,18679.2187,index,demo,2026-04-02
2026-04-03,eq.nasdaq,18526.315,index,demo,2026-04-03
2026-04-06,eq.nasdaq,18496.8185,index,demo,2026-04-06
2026-04-07,eq.nasdaq,18443.9548,index,demo,2026-04-07
2026-04-08,eq.nasdaq,18481.359,index,demo,2026-04-08
2026-04-09,eq.nasdaq,18430.2066,index,demo,2026-04-09
2026-04-10,eq.nasdaq,18795.0927,index,demo,2026-04-10
2026-04-13,eq.nasdaq,18565.4982,index,demo,2026-04-13
2026-04-14,eq.nasdaq,18691.8774,index,demo,2026-04-14
2026-04-15,eq.nasdaq,18608.6031,index,demo,2026-04-15
2026-04-16,eq.nasdaq,18564.2018,index,demo,2026-04-16
2026-04-17,eq.nasdaq,18661.9288,index,demo,2026-04-17
2026-04-20,eq.nasdaq,18637.9653,index,demo,2026-04-20
2026-04-21,eq.nasdaq,18476.6841,index,demo,2026-04-21
2026-04-22,eq.nasdaq,18528.1299,index,demo,2026-04-22
2026-04-23,eq.nasdaq,18501.2845,index,demo,2026-04-23
2026-04-24,eq.nasdaq,18262.49,index,demo,2026-04-24
2026-04-27,eq.nasdaq,18321.0597,index,demo,2026-04-27
2026-04-28,eq.nasdaq,18225.5769,index,demo,2026-04-28
2026-04-29,eq.nasdaq,18180.4513,index,demo,2026-04-29
2026-04-30,eq.nasdaq,18284.3123,index,demo,2026-04-30
2026-05-01,eq.nasdaq,18351.3916,index,demo,2026-05-01
2026-05-04,eq.nasdaq,18340.0248,index,demo,2026-05-04
2026-05-05,eq.nasdaq,18615.5175,index,demo,2026-05-05
2026-05-06,eq.nasdaq,18646.7961,index,demo,2026-05-06
2026-05-07,eq.nasdaq,18553.6472,index,demo,2026-05-07
2026-05-08,eq.nasdaq,18573.0092,index,demo,2026-05-08
2026-05-11,eq.nasdaq,18548.0068,index,demo,2026-05-11
2026-05-12,eq.nasdaq,18285.4355,index,demo,2026-05-12
2026-05-13,eq.nasdaq,18135.0248,index,demo,2026-05-13
2026-05-14,eq.nasdaq,18028.6749,index,demo,2026-05-14
2026-05-15,eq.nasdaq,18338.6814,index,demo,2026-05-15
2026-05-18,eq.nasdaq,18341.5704,index,demo,2026-05-18
2026-05-19,eq.nasdaq,18333.3213,index,demo,2026-05-19
2026-05-20,eq.nasdaq,18292.8939,index,demo,2026-05-20
2026-05-21,eq.nasdaq,18437.6129,index,demo,2026-05-21
2026-05-22,eq.nasdaq,18450.2039,index,demo,2026-05-22
2026-05-25,eq.nasdaq,18655.2764,index,demo,2026-05-25
2026-05-26,eq.nasdaq,18723.311,index,demo,2026-05-26
2026-05-27,eq.nasdaq,18880.3296,index,demo,2026-05-27
2026-05-28,eq.nasdaq,18809.6949,index,demo,2026-05-28
2026-05-29,eq.nasdaq,18806.6879,index,demo,2026-05-29
2026-06-01,eq.nasdaq,18710.5463,index,demo,2026-06-01
2026-06-02,eq.nasdaq,18659.4131,index,demo,2026-06-02
2026-06-03,eq.nasdaq,18435.1412,index,demo,2026-06-03
2026-06-04,eq.nasdaq,18377.579,index,demo,2026-06-04
2026-06-05,eq.nasdaq,18285.8132,index,demo,2026-06-05
2026-06-08,eq.nasdaq,18242.4935,index,demo,2026-06-08
2026-06-09,eq.nasdaq,18421.9217,index,demo,2026-06-09
2026-06-10,eq.nasdaq,18463.9262,index,demo,2026-06-10
2026-06-11,eq.nasdaq,18611.1534,index,demo,2026-06-11
2026-06-12,eq.nasdaq,18693.7872,index,demo,2026-06-12
2026-06-15,eq.nasdaq,18771.1928,index,demo,2026-06-15
2026-06-16,eq.nasdaq,18846.746,index,demo,2026-06-16
2026-06-17,eq.nasdaq,18724.6959,index,demo,2026-06-17
2026-06-18,eq.nasdaq,18783.8222,index,demo,2026-06-18
2026-06-19,eq.nasdaq,18703.9831,index,demo,2026-06-19
2026-06-22,eq.nasdaq,18612.0168,index,demo,2026-06-22
2026-06-23,eq.nasdaq,18733.4566,index,demo,2026-06-23
2026-06-24,eq.nasdaq,18948.7716,index,demo,2026-06-24
2026-06-25,eq.nasdaq,18768.2792,index,demo,2026-06-25
2026-06-26,eq.nasdaq,18928.9992,index,demo,2026-06-26
2026-06-29,eq.nasdaq,18960.7636,index,demo,2026-06-29
2026-06-30,eq.nasdaq,18793.6244,index,demo,2026-06-30
2026-02-25,eq.sp500,5812.0762,index,demo,2026-02-25
2026-02-26,eq.sp500,5819.2381,index,demo,2026-02-26
2026-02-27,eq.sp500,5817.2912,index,demo,2026-02-27
2026-03-02,eq.sp500,5769.5841,index,demo,2026-03-02
2026-03-03,eq.sp500,5823.9251,index,demo,2026-03-03
2026-03-04,eq.sp500,5838.2594,index,demo,2026-03-04
2026-03-05,eq.sp500,5822.7848,index,demo,2026-03-05
2026-03-06,eq.sp500,5780.3732,index,demo,2026-03-06
2026-03-09,eq.sp500,5833.8129,index,demo,2026-03-09
2026-03-10,eq.sp500,5846.8412,index,demo,2026-03-10
2026-03-11,eq.sp500,5799.4913,index,demo,2026-03-11
2026-03-12,eq.sp500,5822.4257,index,demo,2026-03-12
2026-03-13,eq.sp500,5883.5455,index,demo,2026-03-13
2026-03-16,eq.sp500,5870.2417,index,demo,2026-03-16
2026-03-17,eq.sp500,5873.3153,index,demo,2026-03-17
2026-03-18,eq.sp500,5848.1732,index,demo,2026-03-18
2026-03-19,eq.sp500,5819.5677,index,demo,2026-03-19
2026-03-20,eq.sp500,5853.13,index,demo,2026-03-20
2026-03-23,eq.sp500,5949.8664,index,demo,2026-03-23
2026-03-24,eq.sp500,5931.3529,index,demo,2026-03-24
2026-03-25,eq.sp500,5907.4351,index,demo,2026-03-25
2026-03-26,eq.sp500,5918.296,index,demo,2026-03-26
2026-03-27,eq.sp500,5890.1897,index,demo,2026-03-27
2026-03-30,eq.sp500,5901.4387,index,demo,2026-03-30
2026-03-31,eq.sp500,5914.3976,index,demo,2026-03-31
2026-04-01,eq.sp500,5862.6876,index,demo,2026-04-01
2026-04-02,eq.sp500,5816.8268,index,demo,2026-04-02
2026-04-03,eq.sp500,5811.7834,index,demo,2026-04-03
2026-04-06,eq.sp500,5838.3153,index,demo,2026-04-06
2026-04-07,eq.sp500,5841.9894,index,demo,2026-04-07
2026-04-08,eq.sp500,5877.8696,index,demo,2026-04-08
2026-04-09,eq.sp500,5819.4093,index,demo,2026-04-09
2026-04-10,eq.sp500,5833.2548,index,demo,2026-04-10
2026-04-13,eq.sp500,5807.1176,index,demo,2026-04-13
2026-04-14,eq.sp500,5809.4507,index,demo,2026-04-14
2026-04-15,eq.sp500,5818.9667,index,demo,2026-04-15
2026-04-16,eq.sp500,5783.1604,index,demo,2026-04-16
2026-04-17,eq.sp500,5777.9154,index,demo,2026-04-17
2026-04-20,eq.sp500,5741.6919,index,demo,2026-04-20
2026-04-21,eq.sp500,5759.478,index,demo,2026-04-21
2026-04-22,eq.sp500,5736.6793,index,demo,2026-04-22
2026-04-23,eq.sp500,5729.398,index,demo,2026-04-23
2026-04-24,eq.sp500,5747.4214,index,demo,2026-04-24
2026-04-27,eq.sp500,5733.1211,index,demo,2026-04-27
2026-04-28,eq.sp500,5782.1596,index,demo,2026-04-28
2026-04-29,eq.sp500,5763.1928,index,demo,2026-04-29
2026-04-30,eq.sp500,5797.559,index,demo,2026-04-30
2026-05-01,eq.sp500,5807.5306,index,demo,2026-05-01
2026-05-04,eq.sp500,5771.2812,index,demo,2026-05-04
2026-05-05,eq.sp500,5768.1827,index,demo,2026-05-05
2026-05-06,eq.sp500,5744.5483,index,demo,2026-05-06
2026-05-07,eq.sp500,5740.5879,index,demo,2026-05-07
2026-05-08,eq.sp500,5740.2951,index,demo,2026-05-08
2026-05-11,eq.sp500,5810.9837,index,demo,2026-05-11
2026-05-12,eq.sp500,5795.116,index,demo,2026-05-12
2026-05-13,eq.sp500,5849.096,index,demo,2026-05-13
2026-05-14,eq.sp500,5856.9034,index,demo,2026-05-14
2026-05-15,eq.sp500,5804.0197,index,demo,2026-05-15
2026-05-18,eq.sp500,5724.9187,index,demo,2026-05-18
2026-05-19,eq.sp500,5759.1918,index,demo,2026-05-19
2026-05-20,eq.sp500,5697.7751,index,demo,2026-05-20
2026-05-21,eq.sp500,5737.4811,index,demo,2026-05-21
2026-05-22,eq.sp500,5781.7574,index,demo,2026-05-22
2026-05-25,eq.sp500,5797.7351,index,demo,2026-05-25
2026-05-26,eq.sp500,5790.9667,index,demo,2026-05-26
2026-05-27,eq.sp500,5783.8088,index,demo,2026-05-27
2026-05-28,eq.sp500,5795.0286,index,demo,2026-05-28
2026-05-29,eq.sp500,5785.4982,index,demo,2026-05-29
2026-06-01,eq.sp500,5769.5277,index,demo,2026-06-01
2026-06-02,eq.sp500,5761.5514,index,demo,2026-06-02
2026-06-03,eq.sp500,5806.9991,index,demo,2026-06-03
2026-06-04,eq.sp500,5784.9071,index,demo,2026-06-04
2026-06-05,eq.sp500,5800.044,index,demo,2026-06-05
2026-06-08,eq.sp500,5761.0019,index,demo,2026-06-08
2026-06-09,eq.sp500,5742.6931,index,demo,2026-06-09
2026-06-10,eq.sp500,5704.7093,index,demo,2026-06-10
2026-06-11,eq.sp500,5712.2954,index,demo,2026-06-11
2026-06-12,eq.sp500,5748.5966,index,demo,2026-06-12
2026-06-15,eq.sp500,5766.6573,index,demo,2026-06-15
2026-06-16,eq.sp500,5754.9585,index,demo,2026-06-16
2026-06-17,eq.sp500,5782.4421,index,demo,2026-06-17
2026-06-18,eq.sp500,5773.3148,index,demo,2026-06-18
2026-06-19,eq.sp500,5789.9357,index,demo,2026-06-19
2026-06-22,eq.sp500,5800.7179,index,demo,2026-06-22
2026-06-23,eq.sp500,5818.9595,index,demo,2026-06-23
2026-06-24,eq.sp500,5732.1758,index,demo,2026-06-24
2026-06-25,eq.sp500,5698.2161,index,demo,2026-06-25
2026-06-26,eq.sp500,5739.6998,index,demo,2026-06-26
2026-06-29,eq.sp500,5745.1176,index,demo,2026-06-29
2026-06-30,eq.sp500,5829.3539,index,demo,2026-06-30
2026-02-25,fx.eur_usd,1.0788,USD/EUR,demo,2026-02-25
2026-02-26,fx.eur_usd,1.0847,USD/EUR,demo,2026-02-26
2026-02-27,fx.eur_usd,1.0798,USD/EUR,demo,2026-02-27
2026-03-02,fx.eur_usd,1.0795,USD/EUR,demo,2026-03-02
2026-03-03,fx.eur_usd,1.0773,USD/EUR,demo,2026-03-03
2026-03-04,fx.eur_usd,1.0813,USD/EUR,demo,2026-03-04
2026-03-05,fx.eur_usd,1.0774,USD/EUR,demo,2026-03-05
2026-03-06,fx.eur_usd,1.0713,USD/EUR,demo,2026-03-06
2026-03-09,fx.eur_usd,1.0746,USD/EUR,demo,2026-03-09
2026-03-10,fx.eur_usd,1.074,USD/EUR,demo,2026-03-10
2026-03-11,fx.eur_usd,1.0737,USD/EUR,demo,2026-03-11
2026-03-12,fx.eur_usd,1.0788,USD/EUR,demo,2026-03-12
2026-03-13,fx.eur_usd,1.0756,USD/EUR,demo,2026-03-13
2026-03-16,fx.eur_usd,1.0748,USD/EUR,demo,2026-03-16
2026-03-17,fx.eur_usd,1.0761,USD/EUR,demo,2026-03-17
2026-03-18,fx.eur_usd,1.0783,USD/EUR,demo,2026-03-18
2026-03-19,fx.eur_usd,1.0766,USD/EUR,demo,2026-03-19
2026-03-20,fx.eur_usd,1.0811,USD/EUR,demo,2026-03-20
2026-03-23,fx.eur_usd,1.0895,USD/EUR,demo,2026-03-23
2026-03-24,fx.eur_usd,1.0865,USD/EUR,demo,2026-03-24
2026-03-25,fx.eur_usd,1.0927,USD/EUR,demo,2026-03-25
2026-03-26,fx.eur_usd,1.0827,USD/EUR,demo,2026-03-26
2026-03-27,fx.eur_usd,1.0877,USD/EUR,demo,2026-03-27
2026-03-30,fx.eur_usd,1.0852,USD/EUR,demo,2026-03-30
2026-03-31,fx.eur_usd,1.085,USD/EUR,demo,2026-03-31
2026-04-01,fx.eur_usd,1.0829,USD/EUR,demo,2026-04-01
2026-04-02,fx.eur_usd,1.08,USD/EUR,demo,2026-04-02
2026-04-03,fx.eur_usd,1.0751,USD/EUR,demo,2026-04-03
2026-04-06,fx.eur_usd,1.0743,USD/EUR,demo,2026-04-06
2026-04-07,fx.eur_usd,1.0802,USD/EUR,demo,2026-04-07
2026-04-08,fx.eur_usd,1.0845,USD/EUR,demo,2026-04-08
2026-04-09,fx.eur_usd,1.0825,USD/EUR,demo,2026-04-09
2026-04-10,fx.eur_usd,1.0801,USD/EUR,demo,2026-04-10
2026-04-13,fx.eur_usd,1.0774,USD/EUR,demo,2026-04-13
2026-04-14,fx.eur_usd,1.0732,USD/EUR,demo,2026-04-14
2026-04-15,fx.eur_usd,1.0811,USD/EUR,demo,2026-04-15
2026-04-16,fx.eur_usd,1.0835,USD/EUR,demo,2026-04-16
2026-04-17,fx.eur_usd,1.0834,USD/EUR,demo,2026-04-17
2026-04-20,fx.eur_usd,1.081,USD/EUR,demo,2026-04-20
2026-04-21,fx.eur_usd,1.0769,USD/EUR,demo,2026-04-21
2026-04-22,fx.eur_usd,1.0825,USD/EUR,demo,2026-04-22
2026-04-23,fx.eur_usd,1.0851,USD/EUR,demo,2026-04-23
2026-04-24,fx.eur_usd,1.0807,USD/EUR,demo,2026-04-24
2026-04-27,fx.eur_usd,1.0844,USD/EUR,demo,2026-04-27
2026-04-28,fx.eur_usd,1.0795,USD/EUR,demo,2026-04-28
2026-04-29,fx.eur_usd,1.082,USD/EUR,demo,2026-04-29
2026-04-30,fx.eur_usd,1.078,USD/EUR,demo,2026-04-30
2026-05-01,fx.eur_usd,1.0767,USD/EUR,demo,2026-05-01
2026-05-04,fx.eur_usd,1.0791,USD/EUR,demo,2026-05-04
2026-05-05,fx.eur_usd,1.0809,USD/EUR,demo,2026-05-05
2026-05-06,fx.eur_usd,1.0847,USD/EUR,demo,2026-05-06
2026-05-07,fx.eur_usd,1.0807,USD/EUR,demo,2026-05-07
2026-05-08,fx.eur_usd,1.0867,USD/EUR,demo,2026-05-08
2026-05-11,fx.eur_usd,1.0909,USD/EUR,demo,2026-05-11
2026-05-12,fx.eur_usd,1.0892,USD/EUR,demo,2026-05-12
2026-05-13,fx.eur_usd,1.0896,USD/EUR,demo,2026-05-13
2026-05-14,fx.eur_usd,1.0852,USD/EUR,demo,2026-05-14
2026-05-15,fx.eur_usd,1.0838,USD/EUR,demo,2026-05-15
2026-05-18,fx.eur_usd,1.0782,USD/EUR,demo,2026-05-18
2026-05-19,fx.eur_usd,1.0788,USD/EUR,demo,2026-05-19
2026-05-20,fx.eur_usd,1.0797,USD/EUR,demo,2026-05-20
2026-05-21,fx.eur_usd,1.0849,USD/EUR,demo,2026-05-21
2026-05-22,fx.eur_usd,1.0878,USD/EUR,demo,2026-05-22
2026-05-25,fx.eur_usd,1.0898,USD/EUR,demo,2026-05-25
2026-05-26,fx.eur_usd,1.0869,USD/EUR,demo,2026-05-26
2026-05-27,fx.eur_usd,1.085,USD/EUR,demo,2026-05-27
2026-05-28,fx.eur_usd,1.083,USD/EUR,demo,2026-05-28
2026-05-29,fx.eur_usd,1.0834,USD/EUR,demo,2026-05-29
2026-06-01,fx.eur_usd,1.0755,USD/EUR,demo,2026-06-01
2026-06-02,fx.eur_usd,1.0791,USD/EUR,demo,2026-06-02
2026-06-03,fx.eur_usd,1.0732,USD/EUR,demo,2026-06-03
2026-06-04,fx.eur_usd,1.0723,USD/EUR,demo,2026-06-04
2026-06-05,fx.eur_usd,1.0735,USD/EUR,demo,2026-06-05
2026-06-08,fx.eur_usd,1.0725,USD/EUR,demo,2026-06-08
2026-06-09,fx.eur_usd,1.08,USD/EUR,demo,2026-06-09
2026-06-10,fx.eur_usd,1.0796,USD/EUR,demo,2026-06-10
2026-06-11,fx.eur_usd,1.0857,USD/EUR,demo,2026-06-11
2026-06-12,fx.eur_usd,1.0894,USD/EUR,demo,2026-06-12
2026-06-15,fx.eur_usd,1.0861,USD/EUR,demo,2026-06-15
2026-06-16,fx.eur_usd,1.0867,USD/EUR,demo,2026-06-16
2026-06-17,fx.eur_usd,1.0907,USD/EUR,demo,2026-06-17
2026-06-18,fx.eur_usd,1.0878,USD/EUR,demo,2026-06-18
2026-06-19,fx.eur_usd,1.087,USD/EUR,demo,2026-06-19
2026-06-22,fx.eur_usd,1.0838,USD/EUR,demo,2026-06-22
2026-06-23,fx.eur_usd,1.0834,USD/EUR,demo,2026-06-23
2026-06-24,fx.eur_usd,1.0816,USD/EUR,demo,2026-06-24
2026-06-25,fx.eur_usd,1.0816,USD/EUR,demo,2026-06-25
2026-06-26,fx.eur_usd,1.0852,USD/EUR,demo,2026-06-26
2026-06-29,fx.eur_usd,1.0898,USD/EUR,demo,2026-06-29
2026-06-30,fx.eur_usd,1.0888,USD/EUR,demo,2026-06-30
2026-02-25,fx.gbp_usd,1.2696,USD/GBP,demo,2026-02-25
2026-02-26,fx.gbp_usd,1.2748,USD/GBP,demo,2026-02-26
2026-02-27,fx.gbp_usd,1.2642,USD/GBP,demo,2026-02-27
2026-03-02,fx.gbp_usd,1.2633,USD/GBP,demo,2026-03-02
2026-03-03,fx.gbp_usd,1.2654,USD/GBP,demo,2026-03-03
2026-03-04,fx.gbp_usd,1.266,USD/GBP,demo,2026-03-04
2026-03-05,fx.gbp_usd,1.2602,USD/GBP,demo,2026-03-05
2026-03-06,fx.gbp_usd,1.2592,USD/GBP,demo,2026-03-06
2026-03-09,fx.gbp_usd,1.2656,USD/GBP,demo,2026-03-09
2026-03-10,fx.gbp_usd,1.2613,USD/GBP,demo,2026-03-10
2026-03-11,fx.gbp_usd,1.2588,USD/GBP,demo,2026-03-11
2026-03-12,fx.gbp_usd,1.2563,USD/GBP,demo,2026-03-12
2026-03-13,fx.gbp_usd,1.2562,USD/GBP,demo,2026-03-13
2026-03-16,fx.gbp_usd,1.2607,USD/GBP,demo,2026-03-16
2026-03-17,fx.gbp_usd,1.2644,USD/GBP,demo,2026-03-17
2026-03-18,fx.gbp_usd,1.2575,USD/GBP,demo,2026-03-18
2026-03-19,fx.gbp_usd,1.2649,USD/GBP,demo,2026-03-19
2026-03-20,fx.gbp_usd,1.2634,USD/GBP,demo,2026-03-20
2026-03-23,fx.gbp_usd,1.2622,USD/GBP,demo,2026-03-23
2026-03-24,fx.gbp_usd,1.2697,USD/GBP,demo,2026-03-24
2026-03-25,fx.gbp_usd,1.2695,USD/GBP,demo,2026-03-25
2026-03-26,fx.gbp_usd,1.2648,USD/GBP,demo,2026-03-26
2026-03-27,fx.gbp_usd,1.2631,USD/GBP,demo,2026-03-27
2026-03-30,fx.gbp_usd,1.2614,USD/GBP,demo,2026-03-30
2026-03-31,fx.gbp_usd,1.2588,USD/GBP,demo,2026-03-31
2026-04-01,fx.gbp_usd,1.2592,USD/GBP,demo,2026-04-01
2026-04-02,fx.gbp_usd,1.2642,USD/GBP,demo,2026-04-02
2026-04-03,fx.gbp_usd,1.2664,USD/GBP,demo,2026-04-03
2026-04-06,fx.gbp_usd,1.2616,USD/GBP,demo,2026-04-06
2026-04-07,fx.gbp_usd,1.2736,USD/GBP,demo,2026-04-07
2026-04-08,fx.gbp_usd,1.2692,USD/GBP,demo,2026-04-08
2026-04-09,fx.gbp_usd,1.2698,USD/GBP,demo,2026-04-09
2026-04-10,fx.gbp_usd,1.27,USD/GBP,demo,2026-04-10
2026-04-13,fx.gbp_usd,1.2729,USD/GBP,demo,2026-04-13
2026-04-14,fx.gbp_usd,1.2712,USD/GBP,demo,2026-04-14
2026-04-15,fx.gbp_usd,1.2728,USD/GBP,demo,2026-04-15
2026-04-16,fx.gbp_usd,1.2804,USD/GBP,demo,2026-04-16
2026-04-17,fx.gbp_usd,1.2792,USD/GBP,demo,2026-04-17
2026-04-20,fx.gbp_usd,1.2737,USD/GBP,demo,2026-04-20
2026-04-21,fx.gbp_usd,1.2744,USD/GBP,demo,2026-04-21
2026-04-22,fx.gbp_usd,1.2707,USD/GBP,demo,2026-04-22
2026-04-23,fx.gbp_usd,1.2691,USD/GBP,demo,2026-04-23
2026-04-24,fx.gbp_usd,1.27,USD/GBP,demo,2026-04-24
2026-04-27,fx.gbp_usd,1.2713,USD/GBP,demo,2026-04-27
2026-04-28,fx.gbp_usd,1.27,USD/GBP,demo,2026-04-28
2026-04-29,fx.gbp_usd,1.2733,USD/GBP,demo,2026-04-29
2026-04-30,fx.gbp_usd,1.272,USD/GBP,demo,2026-04-30
2026-05-01,fx.gbp_usd,1.2667,USD/GBP,demo,2026-05-01
2026-05-04,fx.gbp_usd,1.2706,USD/GBP,demo,2026-05-04
2026-05-05,fx.gbp_usd,1.2691,USD/GBP,demo,2026-05-05
2026-05-06,fx.gbp_usd,1.2739,USD/GBP,demo,2026-05-06
2026-05-07,fx.gbp_usd,1.2708,USD/GBP,demo,2026-05-07
2026-05-08,fx.gbp_usd,1.2729,USD/GBP,demo,2026-05-08
2026-05-11,fx.gbp_usd,1.2737,USD/GBP,demo,2026-05-11
2026-05-12,fx.gbp_usd,1.2627,USD/GBP,demo,2026-05-12
2026-05-13,fx.gbp_usd,1.2581,USD/GBP,demo,2026-05-13
2026-05-14,fx.gbp_usd,1.2556,USD/GBP,demo,2026-05-14
2026-05-15,fx.gbp_usd,1.2632,USD/GBP,demo,2026-05-15
2026-05-18,fx.gbp_usd,1.2569,USD/GBP,demo,2026-05-18
2026-05-19,fx.gbp_usd,1.2624,USD/GBP,demo,2026-05-19
2026-05-20,fx.gbp_usd,1.2677,USD/GBP,demo,2026-05-20
2026-05-21,fx.gbp_usd,1.27,USD/GBP,demo,2026-05-21
2026-05-22,fx.gbp_usd,1.2726,USD/GBP,demo,2026-05-22
2026-05-25,fx.gbp_usd,1.2703,USD/GBP,demo,2026-05-25
2026-05-26,fx.gbp_usd,1.2702,USD/GBP,demo,2026-05-26
2026-05-27,fx.gbp_usd,1.271,USD/GBP,demo,2026-05-27
2026-05-28,fx.gbp_usd,1.2725,USD/GBP,demo,2026-05-28
2026-05-29,fx.gbp_usd,1.2748,USD/GBP,demo,2026-05-29
2026-06-01,fx.gbp_usd,1.2733,USD/GBP,demo,2026-06-01
2026-06-02,fx.gbp_usd,1.2701,USD/GBP,demo,2026-06-02
2026-06-03,fx.gbp_usd,1.2679,USD/GBP,demo,2026-06-03
2026-06-04,fx.gbp_usd,1.2698,USD/GBP,demo,2026-06-04
2026-06-05,fx.gbp_usd,1.2635,USD/GBP,demo,2026-06-05
2026-06-08,fx.gbp_usd,1.2596,USD/GBP,demo,2026-06-08
2026-06-09,fx.gbp_usd,1.2596,USD/GBP,demo,2026-06-09
2026-06-10,fx.gbp_usd,1.259,USD/GBP,demo,2026-06-10
2026-06-11,fx.gbp_usd,1.2597,USD/GBP,demo,2026-06-11
2026-06-12,fx.gbp_usd,1.251,USD/GBP,demo,2026-06-12
2026-06-15,fx.gbp_usd,1.2525,USD/GBP,demo,2026-06-15
2026-06-16,fx.gbp_usd,1.2542,USD/GBP,demo,2026-06-16
2026-06-17,fx.gbp_usd,1.2595,USD/GBP,demo,2026-06-17
2026-06-18,fx.gbp_usd,1.2535,USD/GBP,demo,2026-06-18
2026-06-19,fx.gbp_usd,1.2548,USD/GBP,demo,2026-06-19
2026-06-22,fx.gbp_usd,1.2589,USD/GBP,demo,2026-06-22
2026-06-23,fx.gbp_usd,1.2624,USD/GBP,demo,2026-06-23
2026-06-24,fx.gbp_usd,1.2682,USD/GBP,demo,2026-06-24
2026-06-25,fx.gbp_usd,1.2725,USD/GBP,demo,2026-06-25
2026-06-26,fx.gbp_usd,1.2681,USD/GBP,demo,2026-06-26
2026-06-29,fx.gbp_usd,1.2708,USD/GBP,demo,2026-06-29
2026-06-30,fx.gbp_usd,1.2694,USD/GBP,demo,2026-06-30
2026-02-25,fx.usd_broad,120.2882,index,demo,2026-02-25
2026-02-26,fx.usd_broad,120.763,index,demo,2026-02-26
2026-02-27,fx.usd_broad,120.2865,index,demo,2026-02-27
2026-03-02,fx.usd_broad,119.9851,index,demo,2026-03-02
2026-03-03,fx.usd_broad,120.0638,index,demo,2026-03-03
2026-03-04,fx.usd_broad,119.3036,index,demo,2026-03-04
2026-03-05,fx.usd_broad,119.6568,index,demo,2026-03-05
2026-03-06,fx.usd_broad,119.9261,index,demo,2026-03-06
2026-03-09,fx.usd_broad,119.7631,index,demo,2026-03-09
2026-03-10,fx.usd_broad,120.0077,index,demo,2026-03-10
2026-03-11,fx.usd_broad,120.3083,index,demo,2026-03-11
2026-03-12,fx.usd_broad,120.3823,index,demo,2026-03-12
2026-03-13,fx.usd_broad,120.5279,index,demo,2026-03-13
2026-03-16,fx.usd_broad,121.0368,index,demo,2026-03-16
2026-03-17,fx.usd_broad,120.6957,index,demo,2026-03-17
2026-03-18,fx.usd_broad,120.6542,index,demo,2026-03-18
2026-03-19,fx.usd_broad,120.3532,index,demo,2026-03-19
2026-03-20,fx.usd_broad,120.7017,index,demo,2026-03-20
2026-03-23,fx.usd_broad,120.4383,index,demo,2026-03-23
2026-03-24,fx.usd_broad,120.5566,index,demo,2026-03-24
2026-03-25,fx.usd_broad,120.5262,index,demo,2026-03-25
2026-03-26,fx.usd_broad,120.473,index,demo,2026-03-26
2026-03-27,fx.usd_broad,121.0677,index,demo,2026-03-27
2026-03-30,fx.usd_broad,120.8746,index,demo,2026-03-30
2026-03-31,fx.usd_broad,121.2926,index,demo,2026-03-31
2026-04-01,fx.usd_broad,121.4188,index,demo,2026-04-01
2026-04-02,fx.usd_broad,121.7172,index,demo,2026-04-02
2026-04-03,fx.usd_broad,121.3957,index,demo,2026-04-03
2026-04-06,fx.usd_broad,121.5456,index,demo,2026-04-06
2026-04-07,fx.usd_broad,121.6065,index,demo,2026-04-07
2026-04-08,fx.usd_broad,121.1278,index,demo,2026-04-08
2026-04-09,fx.usd_broad,121.0629,index,demo,2026-04-09
2026-04-10,fx.usd_broad,120.8537,index,demo,2026-04-10
2026-04-13,fx.usd_broad,120.7118,index,demo,2026-04-13
2026-04-14,fx.usd_broad,121.1084,index,demo,2026-04-14
2026-04-15,fx.usd_broad,120.6636,index,demo,2026-04-15
2026-04-16,fx.usd_broad,119.9138,index,demo,2026-04-16
2026-04-17,fx.usd_broad,119.2536,index,demo,2026-04-17
2026-04-20,fx.usd_broad,119.1907,index,demo,2026-04-20
2026-04-21,fx.usd_broad,119.0629,index,demo,2026-04-21
2026-04-22,fx.usd_broad,119.209,index,demo,2026-04-22
2026-04-23,fx.usd_broad,119.5461,index,demo,2026-04-23
2026-04-24,fx.usd_broad,120.2941,index,demo,2026-04-24
2026-04-27,fx.usd_broad,120.3694,index,demo,2026-04-27
2026-04-28,fx.usd_broad,120.4929,index,demo,2026-04-28
2026-04-29,fx.usd_broad,120.1354,index,demo,2026-04-29
2026-04-30,fx.usd_broad,120.3391,index,demo,2026-04-30
2026-05-01,fx.usd_broad,120.8127,index,demo,2026-05-01
2026-05-04,fx.usd_broad,121.2082,index,demo,2026-05-04
2026-05-05,fx.usd_broad,120.273,index,demo,2026-05-05
2026-05-06,fx.usd_broad,120.5757,index,demo,2026-05-06
2026-05-07,fx.usd_broad,121.1003,index,demo,2026-05-07
2026-05-08,fx.usd_broad,121.254,index,demo,2026-05-08
2026-05-11,fx.usd_broad,120.4894,index,demo,2026-05-11
2026-05-12,fx.usd_broad,120.2976,index,demo,2026-05-12
2026-05-13,fx.usd_broad,120.4794,index,demo,2026-05-13
2026-05-14,fx.usd_broad,120.5677,index,demo,2026-05-14
2026-05-15,fx.usd_broad,120.1697,index,demo,2026-05-15
2026-05-18,fx.usd_broad,119.8011,index,demo,2026-05-18
2026-05-19,fx.usd_broad,120.2032,index,demo,2026-05-19
2026-05-20,fx.usd_broad,119.6586,index,demo,2026-05-20
2026-05-21,fx.usd_broad,120.2623,index,demo,2026-05-21
2026-05-22,fx.usd_broad,120.2307,index,demo,2026-05-22
2026-05-25,fx.usd_broad,120.312,index,demo,2026-05-25
2026-05-26,fx.usd_broad,119.7514,index,demo,2026-05-26
2026-05-27,fx.usd_broad,119.5592,index,demo,2026-05-27
2026-05-28,fx.usd_broad,119.8907,index,demo,2026-05-28
2026-05-29,fx.usd_broad,119.3407,index,demo,2026-05-29
2026-06-01,fx.usd_broad,120.2369,index,demo,2026-06-01
2026-06-02,fx.usd_broad,119.6609,index,demo,2026-06-02
2026-06-03,fx.usd_broad,119.2414,index,demo,2026-06-03
2026-06-04,fx.usd_broad,119.3718,index,demo,2026-06-04
2026-06-05,fx.usd_broad,119.6514,index,demo,2026-06-05
2026-06-08,fx.usd_broad,119.9858,index,demo,2026-06-08
2026-06-09,fx.usd_broad,119.8451,index,demo,2026-06-09
2026-06-10,fx.usd_broad,119.7885,index,demo,2026-06-10
2026-06-11,fx.usd_broad,119.7294,index,demo,2026-06-11
2026-06-12,fx.usd_broad,119.5488,index,demo,2026-06-12
2026-06-15,fx.usd_broad,118.6249,index,demo,2026-06-15
2026-06-16,fx.usd_broad,119.2009,index,demo,2026-06-16
2026-06-17,fx.usd_broad,119.4174,index,demo,2026-06-17
2026-06-18,fx.usd_broad,119.5657,index,demo,2026-06-18
2026-06-19,fx.usd_broad,119.3892,index,demo,2026-06-19
2026-06-22,fx.usd_broad,119.5774,index,demo,2026-06-22
2026-06-23,fx.usd_broad,119.6357,index,demo,2026-06-23
2026-06-24,fx.usd_broad,119.6608,index,demo,2026-06-24
2026-06-25,fx.usd_broad,120.1366,index,demo,2026-06-25
2026-06-26,fx.usd_broad,119.4542,index,demo,2026-06-26
2026-06-29,fx.usd_broad,119.6329,index,demo,2026-06-29
2026-06-30,fx.usd_broad,119.2781,index,demo,2026-06-30
2026-02-25,fx.usd_cny,7.1846,CNY/USD,demo,2026-02-25
2026-02-26,fx.usd_cny,7.2164,CNY/USD,demo,2026-02-26
2026-02-27,fx.usd_cny,7.2018,CNY/USD,demo,2026-02-27
2026-03-02,fx.usd_cny,7.1851,CNY/USD,demo,2026-03-02
2026-03-03,fx.usd_cny,7.1795,CNY/USD,demo,2026-03-03
2026-03-04,fx.usd_cny,7.1662,CNY/USD,demo,2026-03-04
2026-03-05,fx.usd_cny,7.1906,CNY/USD,demo,2026-03-05
2026-03-06,fx.usd_cny,7.1993,CNY/USD,demo,2026-03-06
2026-03-09,fx.usd_cny,7.2264,CNY/USD,demo,2026-03-09
2026-03-10,fx.usd_cny,7.2303,CNY/USD,demo,2026-03-10
2026-03-11,fx.usd_cny,7.2139,CNY/USD,demo,2026-03-11
2026-03-12,fx.usd_cny,7.232,CNY/USD,demo,2026-03-12
2026-03-13,fx.usd_cny,7.2146,CNY/USD,demo,2026-03-13
2026-03-16,fx.usd_cny,7.2035,CNY/USD,demo,2026-03-16
2026-03-17,fx.usd_cny,7.1998,CNY/USD,demo,2026-03-17
2026-03-18,fx.usd_cny,7.2006,CNY/USD,demo,2026-03-18
2026-03-19,fx.usd_cny,7.2235,CNY/USD,demo,2026-03-19
2026-03-20,fx.usd_cny,7.2083,CNY/USD,demo,2026-03-20
2026-03-23,fx.usd_cny,7.2138,CNY/USD,demo,2026-03-23
2026-03-24,fx.usd_cny,7.2112,CNY/USD,demo,2026-03-24
2026-03-25,fx.usd_cny,7.1853,CNY/USD,demo,2026-03-25
2026-03-26,fx.usd_cny,7.1664,CNY/USD,demo,2026-03-26
2026-03-27,fx.usd_cny,7.1673,CNY/USD,demo,2026-03-27
2026-03-30,fx.usd_cny,7.1799,CNY/USD,demo,2026-03-30
2026-03-31,fx.usd_cny,7.1891,CNY/USD,demo,2026-03-31
2026-04-01,fx.usd_cny,7.2,CNY/USD,demo,2026-04-01
2026-04-02,fx.usd_cny,7.2009,CNY/USD,demo,2026-04-02
2026-04-03,fx.usd_cny,7.1922,CNY/USD,demo,2026-04-03
2026-04-06,fx.usd_cny,7.2015,CNY/USD,demo,2026-04-06
2026-04-07,fx.usd_cny,7.182,CNY/USD,demo,2026-04-07
2026-04-08,fx.usd_cny,7.1588,CNY/USD,demo,2026-04-08
2026-04-09,fx.usd_cny,7.1586,CNY/USD,demo,2026-04-09
2026-04-10,fx.usd_cny,7.1373,CNY/USD,demo,2026-04-10
2026-04-13,fx.usd_cny,7.1368,CNY/USD,demo,2026-04-13
2026-04-14,fx.usd_cny,7.1318,CNY/USD,demo,2026-04-14
2026-04-15,fx.usd_cny,7.1314,CNY/USD,demo,2026-04-15
2026-04-16,fx.usd_cny,7.1408,CNY/USD,demo,2026-04-16
2026-04-17,fx.usd_cny,7.1343,CNY/USD,demo,2026-04-17
2026-04-20,fx.usd_cny,7.136,CNY/USD,demo,2026-04-20
2026-04-21,fx.usd_cny,7.1126,CNY/USD,demo,2026-04-21
2026-04-22,fx.usd_cny,7.1285,CNY/USD,demo,2026-04-22
2026-04-23,fx.usd_cny,7.1223,CNY/USD,demo,2026-04-23
2026-04-24,fx.usd_cny,7.1417,CNY/USD,demo,2026-04-24
2026-04-27,fx.usd_cny,7.096,CNY/USD,demo,2026-04-27
2026-04-28,fx.usd_cny,7.0961,CNY/USD,demo,2026-04-28
2026-04-29,fx.usd_cny,7.1164,CNY/USD,demo,2026-04-29
2026-04-30,fx.usd_cny,7.0819,CNY/USD,demo,2026-04-30
2026-05-01,fx.usd_cny,7.0926,CNY/USD,demo,2026-05-01
2026-05-04,fx.usd_cny,7.1106,CNY/USD,demo,2026-05-04
2026-05-05,fx.usd_cny,7.126,CNY/USD,demo,2026-05-05
2026-05-06,fx.usd_cny,7.1082,CNY/USD,demo,2026-05-06
2026-05-07,fx.usd_cny,7.1264,CNY/USD,demo,2026-05-07
2026-05-08,fx.usd_cny,7.1403,CNY/USD,demo,2026-05-08
2026-05-11,fx.usd_cny,7.1305,CNY/USD,demo,2026-05-11
2026-05-12,fx.usd_cny,7.1553,CNY/USD,demo,2026-05-12
2026-05-13,fx.usd_cny,7.1611,CNY/USD,demo,2026-05-13
2026-05-14,fx.usd_cny,7.1673,CNY/USD,demo,2026-05-14
2026-05-15,fx.usd_cny,7.1635,CNY/USD,demo,2026-05-15
2026-05-18,fx.usd_cny,7.1795,CNY/USD,demo,2026-05-18
2026-05-19,fx.usd_cny,7.1845,CNY/USD,demo,2026-05-19
2026-05-20,fx.usd_cny,7.2088,CNY/USD,demo,2026-05-20
2026-05-21,fx.usd_cny,7.2162,CNY/USD,demo,2026-05-21
2026-05-22,fx.usd_cny,7.2018,CNY/USD,demo,2026-05-22
2026-05-25,fx.usd_cny,7.1972,CNY/USD,demo,2026-05-25
2026-05-26,fx.usd_cny,7.2154,CNY/USD,demo,2026-05-26
2026-05-27,fx.usd_cny,7.206,CNY/USD,demo,2026-05-27
2026-05-28,fx.usd_cny,7.2125,CNY/USD,demo,2026-05-28
2026-05-29,fx.usd_cny,7.2207,CNY/USD,demo,2026-05-29
2026-06-01,fx.usd_cny,7.2141,CNY/USD,demo,2026-06-01
2026-06-02,fx.usd_cny,7.167,CNY/USD,demo,2026-06-02
2026-06-03,fx.usd_cny,7.1745,CNY/USD,demo,2026-06-03
2026-06-04,fx.usd_cny,7.1825,CNY/USD,demo,2026-06-04
2026-06-05,fx.usd_cny,7.1877,CNY/USD,demo,2026-06-05
2026-06-08,fx.usd_cny,7.1749,CNY/USD,demo,2026-06-08
2026-06-09,fx.usd_cny,7.202,CNY/USD,demo,2026-06-09
2026-06-10,fx.usd_cny,7.1991,CNY/USD,demo,2026-06-10
2026-06-11,fx.usd_cny,7.1872,CNY/USD,demo,2026-06-11
2026-06-12,fx.usd_cny,7.1753,CNY/USD,demo,2026-06-12
2026-06-15,fx.usd_cny,7.1859,CNY/USD,demo,2026-06-15
2026-06-16,fx.usd_cny,7.1669,CNY/USD,demo,2026-06-16
2026-06-17,fx.usd_cny,7.1525,CNY/USD,demo,2026-06-17
2026-06-18,fx.usd_cny,7.1983,CNY/USD,demo,2026-06-18
2026-06-19,fx.usd_cny,7.2239,CNY/USD,demo,2026-06-19
2026-06-22,fx.usd_cny,7.2407,CNY/USD,demo,2026-06-22
2026-06-23,fx.usd_cny,7.261,CNY/USD,demo,2026-06-23
2026-06-24,fx.usd_cny,7.2634,CNY/USD,demo,2026-06-24
2026-06-25,fx.usd_cny,7.2213,CNY/USD,demo,2026-06-25
2026-06-26,fx.usd_cny,7.2412,CNY/USD,demo,2026-06-26
2026-06-29,fx.usd_cny,7.259,CNY/USD,demo,2026-06-29
2026-06-30,fx.usd_cny,7.2596,CNY/USD,demo,2026-06-30
2026-02-25,fx.usd_jpy,150.1357,JPY/USD,demo,2026-02-25
2026-02-26,fx.usd_jpy,150.6907,JPY/USD,demo,2026-02-26
2026-02-27,fx.usd_jpy,150.3921,JPY/USD,demo,2026-02-27
2026-03-02,fx.usd_jpy,149.622,JPY/USD,demo,2026-03-02
2026-03-03,fx.usd_jpy,150.4248,JPY/USD,demo,2026-03-03
2026-03-04,fx.usd_jpy,149.7329,JPY/USD,demo,2026-03-04
2026-03-05,fx.usd_jpy,150.3982,JPY/USD,demo,2026-03-05
2026-03-06,fx.usd_jpy,149.6903,JPY/USD,demo,2026-03-06
2026-03-09,fx.usd_jpy,150.9668,JPY/USD,demo,2026-03-09
2026-03-10,fx.usd_jpy,150.1202,JPY/USD,demo,2026-03-10
2026-03-11,fx.usd_jpy,150.6727,JPY/USD,demo,2026-03-11
2026-03-12,fx.usd_jpy,151.5794,JPY/USD,demo,2026-03-12
2026-03-13,fx.usd_jpy,150.6967,JPY/USD,demo,2026-03-13
2026-03-16,fx.usd_jpy,151.5904,JPY/USD,demo,2026-03-16
2026-03-17,fx.usd_jpy,150.7986,JPY/USD,demo,2026-03-17
2026-03-18,fx.usd_jpy,149.4933,JPY/USD,demo,2026-03-18
2026-03-19,fx.usd_jpy,150.0543,JPY/USD,demo,2026-03-19
2026-03-20,fx.usd_jpy,150.5176,JPY/USD,demo,2026-03-20
2026-03-23,fx.usd_jpy,150.3037,JPY/USD,demo,2026-03-23
2026-03-24,fx.usd_jpy,148.5613,JPY/USD,demo,2026-03-24
2026-03-25,fx.usd_jpy,148.7403,JPY/USD,demo,2026-03-25
2026-03-26,fx.usd_jpy,148.7237,JPY/USD,demo,2026-03-26
2026-03-27,fx.usd_jpy,148.6602,JPY/USD,demo,2026-03-27
2026-03-30,fx.usd_jpy,148.6666,JPY/USD,demo,2026-03-30
2026-03-31,fx.usd_jpy,147.6637,JPY/USD,demo,2026-03-31
2026-04-01,fx.usd_jpy,147.633,JPY/USD,demo,2026-04-01
2026-04-02,fx.usd_jpy,149.1976,JPY/USD,demo,2026-04-02
2026-04-03,fx.usd_jpy,150.3573,JPY/USD,demo,2026-04-03
2026-04-06,fx.usd_jpy,150.0607,JPY/USD,demo,2026-04-06
2026-04-07,fx.usd_jpy,149.5731,JPY/USD,demo,2026-04-07
2026-04-08,fx.usd_jpy,149.9035,JPY/USD,demo,2026-04-08
2026-04-09,fx.usd_jpy,150.6316,JPY/USD,demo,2026-04-09
2026-04-10,fx.usd_jpy,151.0228,JPY/USD,demo,2026-04-10
2026-04-13,fx.usd_jpy,150.0837,JPY/USD,demo,2026-04-13
2026-04-14,fx.usd_jpy,150.1801,JPY/USD,demo,2026-04-14
2026-04-15,fx.usd_jpy,150.2474,JPY/USD,demo,2026-04-15
2026-04-16,fx.usd_jpy,151.1769,JPY/USD,demo,2026-04-16
2026-04-17,fx.usd_jpy,151.8043,JPY/USD,demo,2026-04-17
2026-04-20,fx.usd_jpy,151.8857,JPY/USD,demo,2026-04-20
2026-04-21,fx.usd_jpy,152.4201,JPY/USD,demo,2026-04-21
2026-04-22,fx.usd_jpy,151.7914,JPY/USD,demo,2026-04-22
2026-04-23,fx.usd_jpy,152.5563,JPY/USD,demo,2026-04-23
2026-04-24,fx.usd_jpy,151.8867,JPY/USD,demo,2026-04-24
2026-04-27,fx.usd_jpy,151.8696,JPY/USD,demo,2026-04-27
2026-04-28,fx.usd_jpy,152.2063,JPY/USD,demo,2026-04-28
2026-04-29,fx.usd_jpy,151.2614,JPY/USD,demo,2026-04-29
2026-04-30,fx.usd_jpy,150.6003,JPY/USD,demo,2026-04-30
2026-05-01,fx.usd_jpy,149.3289,JPY/USD,demo,2026-05-01
2026-05-04,fx.usd_jpy,149.5403,JPY/USD,demo,2026-05-04
2026-05-05,fx.usd_jpy,149.5723,JPY/USD,demo,2026-05-05
2026-05-06,fx.usd_jpy,149.4169,JPY/USD,demo,2026-05-06
2026-05-07,fx.usd_jpy,149.8392,JPY/USD,demo,2026-05-07
2026-05-08,fx.usd_jpy,148.4412,JPY/USD,demo,2026-05-08
2026-05-11,fx.usd_jpy,148.6592,JPY/USD,demo,2026-05-11
2026-05-12,fx.usd_jpy,148.9189,JPY/USD,demo,2026-05-12
2026-05-13,fx.usd_jpy,148.9024,JPY/USD,demo,2026-05-13
2026-05-14,fx.usd_jpy,149.6006,JPY/USD,demo,2026-05-14
2026-05-15,fx.usd_jpy,150.838,JPY/USD,demo,2026-05-15
2026-05-18,fx.usd_jpy,150.4128,JPY/USD,demo,2026-05-18
2026-05-19,fx.usd_jpy,149.7194,JPY/USD,demo,2026-05-19
2026-05-20,fx.usd_jpy,149.3553,JPY/USD,demo,2026-05-20
2026-05-21,fx.usd_jpy,149.5143,JPY/USD,demo,2026-05-21
2026-05-22,fx.usd_jpy,149.981,JPY/USD,demo,2026-05-22
2026-05-25,fx.usd_jpy,149.4052,JPY/USD,demo,2026-05-25
2026-05-26,fx.usd_jpy,150.166,JPY/USD,demo,2026-05-26
2026-05-27,fx.usd_jpy,149.4526,JPY/USD,demo,2026-05-27
2026-05-28,fx.usd_jpy,150.0906,JPY/USD,demo,2026-05-28
2026-05-29,fx.usd_jpy,150.3641,JPY/USD,demo,2026-05-29
2026-06-01,fx.usd_jpy,150.621,JPY/USD,demo,2026-06-01
2026-06-02,fx.usd_jpy,151.9778,JPY/USD,demo,2026-06-02
2026-06-03,fx.usd_jpy,151.504,JPY/USD,demo,2026-06-03
2026-06-04,fx.usd_jpy,151.1672,JPY/USD,demo,2026-06-04
2026-06-05,fx.usd_jpy,151.3122,JPY/USD,demo,2026-06-05
2026-06-08,fx.usd_jpy,151.6954,JPY/USD,demo,2026-06-08
2026-06-09,fx.usd_jpy,150.5416,JPY/USD,demo,2026-06-09
2026-06-10,fx.usd_jpy,150.6451,JPY/USD,demo,2026-06-10
2026-06-11,fx.usd_jpy,150.05,JPY/USD,demo,2026-06-11
2026-06-12,fx.usd_jpy,150.466,JPY/USD,demo,2026-06-12
2026-06-15,fx.usd_jpy,151.3165,JPY/USD,demo,2026-06-15
2026-06-16,fx.usd_jpy,151.1536,JPY/USD,demo,2026-06-16
2026-06-17,fx.usd_jpy,150.909,JPY/USD,demo,2026-06-17
2026-06-18,fx.usd_jpy,150.8959,JPY/USD,demo,2026-06-18
2026-06-19,fx.usd_jpy,148.7757,JPY/USD,demo,2026-06-19
2026-06-22,fx.usd_jpy,149.4771,JPY/USD,demo,2026-06-22
2026-06-23,fx.usd_jpy,149.9327,JPY/USD,demo,2026-06-23
2026-06-24,fx.usd_jpy,150.0533,JPY/USD,demo,2026-06-24
2026-06-25,fx.usd_jpy,149.7792,JPY/USD,demo,2026-06-25
2026-06-26,fx.usd_jpy,149.3212,JPY/USD,demo,2026-06-26
2026-06-29,fx.usd_jpy,149.3026,JPY/USD,demo,2026-06-29
2026-06-30,fx.usd_jpy,150.2226,JPY/USD,demo,2026-06-30
2026-02-25,gas.henry_hub,3.0843,USD/MMBtu,demo,2026-02-25
2026-02-26,gas.henry_hub,3.163,USD/MMBtu,demo,2026-02-26
2026-02-27,gas.henry_hub,3.1414,USD/MMBtu,demo,2026-02-27
2026-03-02,gas.henry_hub,3.1124,USD/MMBtu,demo,2026-03-02
2026-03-03,gas.henry_hub,3.0139,USD/MMBtu,demo,2026-03-03
2026-03-04,gas.henry_hub,3.0163,USD/MMBtu,demo,2026-03-04
2026-03-05,gas.henry_hub,3.1773,USD/MMBtu,demo,2026-03-05
2026-03-06,gas.henry_hub,3.2316,USD/MMBtu,demo,2026-03-06
2026-03-09,gas.henry_hub,3.3513,USD/MMBtu,demo,2026-03-09
2026-03-10,gas.henry_hub,3.3584,USD/MMBtu,demo,2026-03-10
2026-03-11,gas.henry_hub,3.382,USD/MMBtu,demo,2026-03-11
2026-03-12,gas.henry_hub,3.377,USD/MMBtu,demo,2026-03-12
2026-03-13,gas.henry_hub,3.1505,USD/MMBtu,demo,2026-03-13
2026-03-16,gas.henry_hub,3.2606,USD/MMBtu,demo,2026-03-16
2026-03-17,gas.henry_hub,3.3122,USD/MMBtu,demo,2026-03-17
2026-03-18,gas.henry_hub,3.3553,USD/MMBtu,demo,2026-03-18
2026-03-19,gas.henry_hub,3.129,USD/MMBtu,demo,2026-03-19
2026-03-20,gas.henry_hub,2.9304,USD/MMBtu,demo,2026-03-20
2026-03-23,gas.henry_hub,2.8641,USD/MMBtu,demo,2026-03-23
2026-03-24,gas.henry_hub,2.8583,USD/MMBtu,demo,2026-03-24
2026-03-25,gas.henry_hub,2.9462,USD/MMBtu,demo,2026-03-25
2026-03-26,gas.henry_hub,2.9788,USD/MMBtu,demo,2026-03-26
2026-03-27,gas.henry_hub,3.0745,USD/MMBtu,demo,2026-03-27
2026-03-30,gas.henry_hub,3.0162,USD/MMBtu,demo,2026-03-30
2026-03-31,gas.henry_hub,3.0808,USD/MMBtu,demo,2026-03-31
2026-04-01,gas.henry_hub,3.146,USD/MMBtu,demo,2026-04-01
2026-04-02,gas.henry_hub,3.0748,USD/MMBtu,demo,2026-04-02
2026-04-03,gas.henry_hub,3.2997,USD/MMBtu,demo,2026-04-03
2026-04-06,gas.henry_hub,3.3515,USD/MMBtu,demo,2026-04-06
2026-04-07,gas.henry_hub,3.4724,USD/MMBtu,demo,2026-04-07
2026-04-08,gas.henry_hub,3.3571,USD/MMBtu,demo,2026-04-08
2026-04-09,gas.henry_hub,3.2448,USD/MMBtu,demo,2026-04-09
2026-04-10,gas.henry_hub,3.1968,USD/MMBtu,demo,2026-04-10
2026-04-13,gas.henry_hub,3.1845,USD/MMBtu,demo,2026-04-13
2026-04-14,gas.henry_hub,3.2627,USD/MMBtu,demo,2026-04-14
2026-04-15,gas.henry_hub,3.2831,USD/MMBtu,demo,2026-04-15
2026-04-16,gas.henry_hub,3.2169,USD/MMBtu,demo,2026-04-16
2026-04-17,gas.henry_hub,3.0996,USD/MMBtu,demo,2026-04-17
2026-04-20,gas.henry_hub,3.0522,USD/MMBtu,demo,2026-04-20
2026-04-21,gas.henry_hub,3.2209,USD/MMBtu,demo,2026-04-21
2026-04-22,gas.henry_hub,3.1208,USD/MMBtu,demo,2026-04-22
2026-04-23,gas.henry_hub,3.162,USD/MMBtu,demo,2026-04-23
2026-04-24,gas.henry_hub,3.2189,USD/MMBtu,demo,2026-04-24
2026-04-27,gas.henry_hub,3.0373,USD/MMBtu,demo,2026-04-27
2026-04-28,gas.henry_hub,3.0675,USD/MMBtu,demo,2026-04-28
2026-04-29,gas.henry_hub,3.2441,USD/MMBtu,demo,2026-04-29
2026-04-30,gas.henry_hub,2.9958,USD/MMBtu,demo,2026-04-30
2026-05-01,gas.henry_hub,2.9878,USD/MMBtu,demo,2026-05-01
2026-05-04,gas.henry_hub,3.0069,USD/MMBtu,demo,2026-05-04
2026-05-05,gas.henry_hub,2.9378,USD/MMBtu,demo,2026-05-05
2026-05-06,gas.henry_hub,3.0368,USD/MMBtu,demo,2026-05-06
2026-05-07,gas.henry_hub,3.0538,USD/MMBtu,demo,2026-05-07
2026-05-08,gas.henry_hub,2.9,USD/MMBtu,demo,2026-05-08
2026-05-11,gas.henry_hub,3.0443,USD/MMBtu,demo,2026-05-11
2026-05-12,gas.henry_hub,3.148,USD/MMBtu,demo,2026-05-12
2026-05-13,gas.henry_hub,3.2693,USD/MMBtu,demo,2026-05-13
2026-05-14,gas.henry_hub,3.4318,USD/MMBtu,demo,2026-05-14
2026-05-15,gas.henry_hub,3.4405,USD/MMBtu,demo,2026-05-15
2026-05-18,gas.henry_hub,3.4187,USD/MMBtu,demo,2026-05-18
2026-05-19,gas.henry_hub,3.23,USD/MMBtu,demo,2026-05-19
2026-05-20,gas.henry_hub,3.2994,USD/MMBtu,demo,2026-05-20
2026-05-21,gas.henry_hub,3.2111,USD/MMBtu,demo,2026-05-21
2026-05-22,gas.henry_hub,3.1551,USD/MMBtu,demo,2026-05-22
2026-05-25,gas.henry_hub,3.01,USD/MMBtu,demo,2026-05-25
2026-05-26,gas.henry_hub,2.9224,USD/MMBtu,demo,2026-05-26
2026-05-27,gas.henry_hub,2.9003,USD/MMBtu,demo,2026-05-27
2026-05-28,gas.henry_hub,3.0999,USD/MMBtu,demo,2026-05-28
2026-05-29,gas.henry_hub,2.8711,USD/MMBtu,demo,2026-05-29
2026-06-01,gas.henry_hub,2.7455,USD/MMBtu,demo,2026-06-01
2026-06-02,gas.henry_hub,2.8424,USD/MMBtu,demo,2026-06-02
2026-06-03,gas.henry_hub,3.0693,USD/MMBtu,demo,2026-06-03
2026-06-04,gas.henry_hub,3.1583,USD/MMBtu,demo,2026-06-04
2026-06-05,gas.henry_hub,2.9366,USD/MMBtu,demo,2026-06-05
2026-06-08,gas.henry_hub,2.6739,USD/MMBtu,demo,2026-06-08
2026-06-09,gas.henry_hub,2.7957,USD/MMBtu,demo,2026-06-09
2026-06-10,gas.henry_hub,2.768,USD/MMBtu,demo,2026-06-10
2026-06-11,gas.henry_hub,2.6984,USD/MMBtu,demo,2026-06-11
2026-06-12,gas.henry_hub,2.8909,USD/MMBtu,demo,2026-06-12
2026-06-15,gas.henry_hub,3.0695,USD/MMBtu,demo,2026-06-15
2026-06-16,gas.henry_hub,3.108,USD/MMBtu,demo,2026-06-16
2026-06-17,gas.henry_hub,3.1513,USD/MMBtu,demo,2026-06-17
2026-06-18,gas.henry_hub,3.2107,USD/MMBtu,demo,2026-06-18
2026-06-19,gas.henry_hub,3.4004,USD/MMBtu,demo,2026-06-19
2026-06-22,gas.henry_hub,3.4446,USD/MMBtu,demo,2026-06-22
2026-06-23,gas.henry_hub,3.4701,USD/MMBtu,demo,2026-06-23
2026-06-24,gas.henry_hub,3.4954,USD/MMBtu,demo,2026-06-24
2026-06-25,gas.henry_hub,3.2629,USD/MMBtu,demo,2026-06-25
2026-06-26,gas.henry_hub,3.4072,USD/MMBtu,demo,2026-06-26
2026-06-29,gas.henry_hub,3.4908,USD/MMBtu,demo,2026-06-29
2026-06-30,gas.henry_hub,3.5107,USD/MMBtu,demo,2026-06-30
2026-02-25,oil.brent,75.02,USD/bbl,demo,2026-02-25
2026-02-26,oil.brent,74.58,USD/bbl,demo,2026-02-26
2026-02-27,oil.brent,75.92,USD/bbl,demo,2026-02-27
2026-03-02,oil.brent,74.7,USD/bbl,demo,2026-03-02
2026-03-03,oil.brent,74.88,USD/bbl,demo,2026-03-03
2026-03-04,oil.brent,76.09,USD/bbl,demo,2026-03-04
2026-03-05,oil.brent,75.8,USD/bbl,demo,2026-03-05
2026-03-06,oil.brent,76.83,USD/bbl,demo,2026-03-06
2026-03-09,oil.brent,78.15,USD/bbl,demo,2026-03-09
2026-03-10,oil.brent,77.62,USD/bbl,demo,2026-03-10
2026-03-11,oil.brent,78.11,USD/bbl,demo,2026-03-11
2026-03-12,oil.brent,78.96,USD/bbl,demo,2026-03-12
2026-03-13,oil.brent,78.8,USD/bbl,demo,2026-03-13
2026-03-16,oil.brent,80.05,USD/bbl,demo,2026-03-16
2026-03-17,oil.brent,78.36,USD/bbl,demo,2026-03-17
2026-03-18,oil.brent,77.76,USD/bbl,demo,2026-03-18
2026-03-19,oil.brent,79.48,USD/bbl,demo,2026-03-19
2026-03-20,oil.brent,78.81,USD/bbl,demo,2026-03-20
2026-03-23,oil.brent,77.63,USD/bbl,demo,2026-03-23
2026-03-24,oil.brent,78.52,USD/bbl,demo,2026-03-24
2026-03-25,oil.brent,80.78,USD/bbl,demo,2026-03-25
2026-03-26,oil.brent,79.74,USD/bbl,demo,2026-03-26
2026-03-27,oil.brent,78.18,USD/bbl,demo,2026-03-27
2026-03-30,oil.brent,77.32,USD/bbl,demo,2026-03-30
2026-03-31,oil.brent,77.47,USD/bbl,demo,2026-03-31
2026-04-01,oil.brent,76.85,USD/bbl,demo,2026-04-01
2026-04-02,oil.brent,79.06,USD/bbl,demo,2026-04-02
2026-04-03,oil.brent,78.02,USD/bbl,demo,2026-04-03
2026-04-06,oil.brent,78.7,USD/bbl,demo,2026-04-06
2026-04-07,oil.brent,77.87,USD/bbl,demo,2026-04-07
2026-04-08,oil.brent,76.89,USD/bbl,demo,2026-04-08
2026-04-09,oil.brent,77.41,USD/bbl,demo,2026-04-09
2026-04-10,oil.brent,78.17,USD/bbl,demo,2026-04-10
2026-04-13,oil.brent,79.98,USD/bbl,demo,2026-04-13
2026-04-14,oil.brent,79.65,USD/bbl,demo,2026-04-14
2026-04-15,oil.brent,79.37,USD/bbl,demo,2026-04-15
2026-04-16,oil.brent,79.58,USD/bbl,demo,2026-04-16
2026-04-17,oil.brent,79.96,USD/bbl,demo,2026-04-17
2026-04-20,oil.brent,79.79,USD/bbl,demo,2026-04-20
2026-04-21,oil.brent,79.11,USD/bbl,demo,2026-04-21
2026-04-22,oil.brent,80.14,USD/bbl,demo,2026-04-22
2026-04-23,oil.brent,79.95,USD/bbl,demo,2026-04-23
2026-04-24,oil.brent,80.52,USD/bbl,demo,2026-04-24
2026-04-27,oil.brent,80.31,USD/bbl,demo,2026-04-27
2026-04-28,oil.brent,81.97,USD/bbl,demo,2026-04-28
2026-04-29,oil.brent,82.2,USD/bbl,demo,2026-04-29
2026-04-30,oil.brent,80.84,USD/bbl,demo,2026-04-30
2026-05-01,oil.brent,79.98,USD/bbl,demo,2026-05-01
2026-05-04,oil.brent,80.04,USD/bbl,demo,2026-05-04
2026-05-05,oil.brent,80.28,USD/bbl,demo,2026-05-05
2026-05-06,oil.brent,78.91,USD/bbl,demo,2026-05-06
2026-05-07,oil.brent,79.64,USD/bbl,demo,2026-05-07
2026-05-08,oil.brent,80.93,USD/bbl,demo,2026-05-08
2026-05-11,oil.brent,78.36,USD/bbl,demo,2026-05-11
2026-05-12,oil.brent,76.92,USD/bbl,demo,2026-05-12
2026-05-13,oil.brent,77.06,USD/bbl,demo,2026-05-13
2026-05-14,oil.brent,77.76,USD/bbl,demo,2026-05-14
2026-05-15,oil.brent,78.28,USD/bbl,demo,2026-05-15
2026-05-18,oil.brent,77.55,USD/bbl,demo,2026-05-18
2026-05-19,oil.brent,78.68,USD/bbl,demo,2026-05-19
2026-05-20,oil.brent,78.5,USD/bbl,demo,2026-05-20
2026-05-21,oil.brent,78.15,USD/bbl,demo,2026-05-21
2026-05-22,oil.brent,80.95,USD/bbl,demo,2026-05-22
2026-05-25,oil.brent,80.97,USD/bbl,demo,2026-05-25
2026-05-26,oil.brent,79.28,USD/bbl,demo,2026-05-26
2026-05-27,oil.brent,79.38,USD/bbl,demo,2026-05-27
2026-05-28,oil.brent,78.11,USD/bbl,demo,2026-05-28
2026-05-29,oil.brent,78.15,USD/bbl,demo,2026-05-29
2026-06-01,oil.brent,74.78,USD/bbl,demo,2026-06-01
2026-06-02,oil.brent,75.52,USD/bbl,demo,2026-06-02
2026-06-03,oil.brent,76.33,USD/bbl,demo,2026-06-03
2026-06-04,oil.brent,75.57,USD/bbl,demo,2026-06-04
2026-06-05,oil.brent,75.78,USD/bbl,demo,2026-06-05
2026-06-08,oil.brent,77.17,USD/bbl,demo,2026-06-08
2026-06-09,oil.brent,78.04,USD/bbl,demo,2026-06-09
2026-06-10,oil.brent,79.86,USD/bbl,demo,2026-06-10
2026-06-11,oil.brent,78.16,USD/bbl,demo,2026-06-11
2026-06-12,oil.brent,77.27,USD/bbl,demo,2026-06-12
2026-06-15,oil.brent,77.13,USD/bbl,demo,2026-06-15
2026-06-16,oil.brent,78.08,USD/bbl,demo,2026-06-16
2026-06-17,oil.brent,78.92,USD/bbl,demo,2026-06-17
2026-06-18,oil.brent,75.48,USD/bbl,demo,2026-06-18
2026-06-19,oil.brent,77.18,USD/bbl,demo,2026-06-19
2026-06-22,oil.brent,76.14,USD/bbl,demo,2026-06-22
2026-06-23,oil.brent,76.37,USD/bbl,demo,2026-06-23
2026-06-24,oil.brent,75.19,USD/bbl,demo,2026-06-24
2026-06-25,oil.brent,76.23,USD/bbl,demo,2026-06-25
2026-06-26,oil.brent,77.76,USD/bbl,demo,2026-06-26
2026-06-29,oil.brent,77.4,USD/bbl,demo,2026-06-29
2026-06-30,oil.brent,77.91,USD/bbl,demo,2026-06-30
2026-02-25,oil.wti,70.9787,USD/bbl,demo,2026-02-25
2026-02-26,oil.wti,70.7349,USD/bbl,demo,2026-02-26
2026-02-27,oil.wti,72.1512,USD/bbl,demo,2026-02-27
2026-03-02,oil.wti,70.4362,USD/bbl,demo,2026-03-02
2026-03-03,oil.wti,70.7683,USD/bbl,demo,2026-03-03
2026-03-04,oil.wti,72.3746,USD/bbl,demo,2026-03-04
2026-03-05,oil.wti,71.1761,USD/bbl,demo,2026-03-05
2026-03-06,oil.wti,73.3708,USD/bbl,demo,2026-03-06
2026-03-09,oil.wti,74.0723,USD/bbl,demo,2026-03-09
2026-03-10,oil.wti,73.8963,USD/bbl,demo,2026-03-10
2026-03-11,oil.wti,74.2692,USD/bbl,demo,2026-03-11
2026-03-12,oil.wti,74.9437,USD/bbl,demo,2026-03-12
2026-03-13,oil.wti,74.9345,USD/bbl,demo,2026-03-13
2026-03-16,oil.wti,76.0546,USD/bbl,demo,2026-03-16
2026-03-17,oil.wti,75.0187,USD/bbl,demo,2026-03-17
2026-03-18,oil.wti,74.4097,USD/bbl,demo,2026-03-18
2026-03-19,oil.wti,75.4941,USD/bbl,demo,2026-03-19
2026-03-20,oil.wti,75.2994,USD/bbl,demo,2026-03-20
2026-03-23,oil.wti,74.136,USD/bbl,demo,2026-03-23
2026-03-24,oil.wti,75.1567,USD/bbl,demo,2026-03-24
2026-03-25,oil.wti,76.5953,USD/bbl,demo,2026-03-25
2026-03-26,oil.wti,75.7167,USD/bbl,demo,2026-03-26
2026-03-27,oil.wti,73.9412,USD/bbl,demo,2026-03-27
2026-03-30,oil.wti,73.8018,USD/bbl,demo,2026-03-30
2026-03-31,oil.wti,73.6676,USD/bbl,demo,2026-03-31
2026-04-01,oil.wti,73.3896,USD/bbl,demo,2026-04-01
2026-04-02,oil.wti,75.0264,USD/bbl,demo,2026-04-02
2026-04-03,oil.wti,73.7429,USD/bbl,demo,2026-04-03
2026-04-06,oil.wti,75.1681,USD/bbl,demo,2026-04-06
2026-04-07,oil.wti,73.5977,USD/bbl,demo,2026-04-07
2026-04-08,oil.wti,72.7923,USD/bbl,demo,2026-04-08
2026-04-09,oil.wti,73.6681,USD/bbl,demo,2026-04-09
2026-04-10,oil.wti,74.9595,USD/bbl,demo,2026-04-10
2026-04-13,oil.wti,75.7605,USD/bbl,demo,2026-04-13
2026-04-14,oil.wti,75.8761,USD/bbl,demo,2026-04-14
2026-04-15,oil.wti,75.7513,USD/bbl,demo,2026-04-15
2026-04-16,oil.wti,75.6563,USD/bbl,demo,2026-04-16
2026-04-17,oil.wti,76.0407,USD/bbl,demo,2026-04-17
2026-04-20,oil.wti,75.5408,USD/bbl,demo,2026-04-20
2026-04-21,oil.wti,75.6148,USD/bbl,demo,2026-04-21
2026-04-22,oil.wti,76.0026,USD/bbl,demo,2026-04-22
2026-04-23,oil.wti,75.7031,USD/bbl,demo,2026-04-23
2026-04-24,oil.wti,76.2881,USD/bbl,demo,2026-04-24
2026-04-27,oil.wti,76.5673,USD/bbl,demo,2026-04-27
2026-04-28,oil.wti,78.3939,USD/bbl,demo,2026-04-28
2026-04-29,oil.wti,78.0923,USD/bbl,demo,2026-04-29
2026-04-30,oil.wti,77.0081,USD/bbl,demo,2026-04-30
2026-05-01,oil.wti,76.1471,USD/bbl,demo,2026-05-01
2026-05-04,oil.wti,75.8106,USD/bbl,demo,2026-05-04
2026-05-05,oil.wti,76.5552,USD/bbl,demo,2026-05-05
2026-05-06,oil.wti,75.8017,USD/bbl,demo,2026-05-06
2026-05-07,oil.wti,75.9558,USD/bbl,demo,2026-05-07
2026-05-08,oil.wti,77.6835,USD/bbl,demo,2026-05-08
2026-05-11,oil.wti,74.3098,USD/bbl,demo,2026-05-11
2026-05-12,oil.wti,73.027,USD/bbl,demo,2026-05-12
2026-05-13,oil.wti,73.4413,USD/bbl,demo,2026-05-13
2026-05-14,oil.wti,73.9632,USD/bbl,demo,2026-05-14
2026-05-15,oil.wti,74.2312,USD/bbl,demo,2026-05-15
2026-05-18,oil.wti,73.7222,USD/bbl,demo,2026-05-18
2026-05-19,oil.wti,74.4846,USD/bbl,demo,2026-05-19
2026-05-20,oil.wti,74.7222,USD/bbl,demo,2026-05-20
2026-05-21,oil.wti,74.0396,USD/bbl,demo,2026-05-21
2026-05-22,oil.wti,76.7068,USD/bbl,demo,2026-05-22
2026-05-25,oil.wti,76.6914,USD/bbl,demo,2026-05-25
2026-05-26,oil.wti,75.678,USD/bbl,demo,2026-05-26
2026-05-27,oil.wti,75.3169,USD/bbl,demo,2026-05-27
2026-05-28,oil.wti,74.8712,USD/bbl,demo,2026-05-28
2026-05-29,oil.wti,74.6715,USD/bbl,demo,2026-05-29
2026-06-01,oil.wti,71.5699,USD/bbl,demo,2026-06-01
2026-06-02,oil.wti,71.3988,USD/bbl,demo,2026-06-02
2026-06-03,oil.wti,72.8984,USD/bbl,demo,2026-06-03
2026-06-04,oil.wti,71.7783,USD/bbl,demo,2026-06-04
2026-06-05,oil.wti,72.0381,USD/bbl,demo,2026-06-05
2026-06-08,oil.wti,73.3813,USD/bbl,demo,2026-06-08
2026-06-09,oil.wti,74.4159,USD/bbl,demo,2026-06-09
2026-06-10,oil.wti,75.9937,USD/bbl,demo,2026-06-10
2026-06-11,oil.wti,73.8231,USD/bbl,demo,2026-06-11
2026-06-12,oil.wti,73.4609,USD/bbl,demo,2026-06-12
2026-06-15,oil.wti,73.1667,USD/bbl,demo,2026-06-15
2026-06-16,oil.wti,73.9773,USD/bbl,demo,2026-06-16
2026-06-17,oil.wti,75.1817,USD/bbl,demo,2026-06-17
2026-06-18,oil.wti,72.0533,USD/bbl,demo,2026-06-18
2026-06-19,oil.wti,73.5429,USD/bbl,demo,2026-06-19
2026-06-22,oil.wti,72.0191,USD/bbl,demo,2026-06-22
2026-06-23,oil.wti,73.0677,USD/bbl,demo,2026-06-23
2026-06-24,oil.wti,71.5662,USD/bbl,demo,2026-06-24
2026-06-25,oil.wti,72.1247,USD/bbl,demo,2026-06-25
2026-06-26,oil.wti,73.7201,USD/bbl,demo,2026-06-26
2026-06-29,oil.wti,73.5979,USD/bbl,demo,2026-06-29
2026-06-30,oil.wti,73.8684,USD/bbl,demo,2026-06-30
2026-02-25,power.de_lu,96.5802,EUR/MWh,demo,2026-02-25
2026-02-26,power.de_lu,98.4906,EUR/MWh,demo,2026-02-26
2026-02-27,power.de_lu,100.1375,EUR/MWh,demo,2026-02-27
2026-03-02,power.de_lu,97.3044,EUR/MWh,demo,2026-03-02
2026-03-03,power.de_lu,89.5256,EUR/MWh,demo,2026-03-03
2026-03-04,power.de_lu,90.5276,EUR/MWh,demo,2026-03-04
2026-03-05,power.de_lu,96.1805,EUR/MWh,demo,2026-03-05
2026-03-06,power.de_lu,100.5415,EUR/MWh,demo,2026-03-06
2026-03-09,power.de_lu,103.5315,EUR/MWh,demo,2026-03-09
2026-03-10,power.de_lu,108.6238,EUR/MWh,demo,2026-03-10
2026-03-11,power.de_lu,100.8484,EUR/MWh,demo,2026-03-11
2026-03-12,power.de_lu,99.7267,EUR/MWh,demo,2026-03-12
2026-03-13,power.de_lu,100.9863,EUR/MWh,demo,2026-03-13
2026-03-16,power.de_lu,105.8635,EUR/MWh,demo,2026-03-16
2026-03-17,power.de_lu,105.1359,EUR/MWh,demo,2026-03-17
2026-03-18,power.de_lu,106.6113,EUR/MWh,demo,2026-03-18
2026-03-19,power.de_lu,105.6416,EUR/MWh,demo,2026-03-19
2026-03-20,power.de_lu,116.176,EUR/MWh,demo,2026-03-20
2026-03-23,power.de_lu,100.378,EUR/MWh,demo,2026-03-23
2026-03-24,power.de_lu,99.4289,EUR/MWh,demo,2026-03-24
2026-03-25,power.de_lu,113.0753,EUR/MWh,demo,2026-03-25
2026-03-26,power.de_lu,111.7269,EUR/MWh,demo,2026-03-26
2026-03-27,power.de_lu,98.6287,EUR/MWh,demo,2026-03-27
2026-03-30,power.de_lu,98.8575,EUR/MWh,demo,2026-03-30
2026-03-31,power.de_lu,89.992,EUR/MWh,demo,2026-03-31
2026-04-01,power.de_lu,86.8175,EUR/MWh,demo,2026-04-01
2026-04-02,power.de_lu,89.343,EUR/MWh,demo,2026-04-02
2026-04-03,power.de_lu,100.0981,EUR/MWh,demo,2026-04-03
2026-04-06,power.de_lu,102.0077,EUR/MWh,demo,2026-04-06
2026-04-07,power.de_lu,104.8211,EUR/MWh,demo,2026-04-07
2026-04-08,power.de_lu,109.2331,EUR/MWh,demo,2026-04-08
2026-04-09,power.de_lu,108.2561,EUR/MWh,demo,2026-04-09
2026-04-10,power.de_lu,101.3142,EUR/MWh,demo,2026-04-10
2026-04-13,power.de_lu,99.8008,EUR/MWh,demo,2026-04-13
2026-04-14,power.de_lu,101.0263,EUR/MWh,demo,2026-04-14
2026-04-15,power.de_lu,98.5231,EUR/MWh,demo,2026-04-15
2026-04-16,power.de_lu,94.1368,EUR/MWh,demo,2026-04-16
2026-04-17,power.de_lu,92.192,EUR/MWh,demo,2026-04-17
2026-04-20,power.de_lu,83.9361,EUR/MWh,demo,2026-04-20
2026-04-21,power.de_lu,79.6753,EUR/MWh,demo,2026-04-21
2026-04-22,power.de_lu,81.4499,EUR/MWh,demo,2026-04-22
2026-04-23,power.de_lu,81.3981,EUR/MWh,demo,2026-04-23
2026-04-24,power.de_lu,83.655,EUR/MWh,demo,2026-04-24
2026-04-27,power.de_lu,93.4671,EUR/MWh,demo,2026-04-27
2026-04-28,power.de_lu,95.428,EUR/MWh,demo,2026-04-28
2026-04-29,power.de_lu,95.1777,EUR/MWh,demo,2026-04-29
2026-04-30,power.de_lu,88.3711,EUR/MWh,demo,2026-04-30
2026-05-01,power.de_lu,83.1376,EUR/MWh,demo,2026-05-01
2026-05-04,power.de_lu,87.0862,EUR/MWh,demo,2026-05-04
2026-05-05,power.de_lu,83.2297,EUR/MWh,demo,2026-05-05
2026-05-06,power.de_lu,87.4753,EUR/MWh,demo,2026-05-06
2026-05-07,power.de_lu,82.4029,EUR/MWh,demo,2026-05-07
2026-05-08,power.de_lu,85.0683,EUR/MWh,demo,2026-05-08
2026-05-11,power.de_lu,86.1369,EUR/MWh,demo,2026-05-11
2026-05-12,power.de_lu,93.2196,EUR/MWh,demo,2026-05-12
2026-05-13,power.de_lu,91.2217,EUR/MWh,demo,2026-05-13
2026-05-14,power.de_lu,89.6388,EUR/MWh,demo,2026-05-14
2026-05-15,power.de_lu,91.8627,EUR/MWh,demo,2026-05-15
2026-05-18,power.de_lu,92.6498,EUR/MWh,demo,2026-05-18
2026-05-19,power.de_lu,102.7584,EUR/MWh,demo,2026-05-19
2026-05-20,power.de_lu,100.1084,EUR/MWh,demo,2026-05-20
2026-05-21,power.de_lu,96.2442,EUR/MWh,demo,2026-05-21
2026-05-22,power.de_lu,94.2144,EUR/MWh,demo,2026-05-22
2026-05-25,power.de_lu,97.0695,EUR/MWh,demo,2026-05-25
2026-05-26,power.de_lu,98.1102,EUR/MWh,demo,2026-05-26
2026-05-27,power.de_lu,101.6475,EUR/MWh,demo,2026-05-27
2026-05-28,power.de_lu,92.6613,EUR/MWh,demo,2026-05-28
2026-05-29,power.de_lu,107.3176,EUR/MWh,demo,2026-05-29
2026-06-01,power.de_lu,116.0945,EUR/MWh,demo,2026-06-01
2026-06-02,power.de_lu,112.7496,EUR/MWh,demo,2026-06-02
2026-06-03,power.de_lu,103.107,EUR/MWh,demo,2026-06-03
2026-06-04,power.de_lu,102.7849,EUR/MWh,demo,2026-06-04
2026-06-05,power.de_lu,104.0138,EUR/MWh,demo,2026-06-05
2026-06-08,power.de_lu,89.7729,EUR/MWh,demo,2026-06-08
2026-06-09,power.de_lu,90.6353,EUR/MWh,demo,2026-06-09
2026-06-10,power.de_lu,82.7557,EUR/MWh,demo,2026-06-10
2026-06-11,power.de_lu,87.238,EUR/MWh,demo,2026-06-11
2026-06-12,power.de_lu,96.3804,EUR/MWh,demo,2026-06-12
2026-06-15,power.de_lu,102.1407,EUR/MWh,demo,2026-06-15
2026-06-16,power.de_lu,92.3744,EUR/MWh,demo,2026-06-16
2026-06-17,power.de_lu,100.745,EUR/MWh,demo,2026-06-17
2026-06-18,power.de_lu,105.1149,EUR/MWh,demo,2026-06-18
2026-06-19,power.de_lu,101.5139,EUR/MWh,demo,2026-06-19
2026-06-22,power.de_lu,103.4355,EUR/MWh,demo,2026-06-22
2026-06-23,power.de_lu,110.931,EUR/MWh,demo,2026-06-23
2026-06-24,power.de_lu,106.6263,EUR/MWh,demo,2026-06-24
2026-06-25,power.de_lu,104.7922,EUR/MWh,demo,2026-06-25
2026-06-26,power.de_lu,100.094,EUR/MWh,demo,2026-06-26
2026-06-29,power.de_lu,106.007,EUR/MWh,demo,2026-06-29
2026-06-30,power.de_lu,91.9212,EUR/MWh,demo,2026-06-30
2026-02-25,power.sg_demand,7040.149,MW,demo,2026-02-25
2026-02-26,power.sg_demand,6854.5157,MW,demo,2026-02-26
2026-02-27,power.sg_demand,6565.809,MW,demo,2026-02-27
2026-03-02,power.sg_demand,6905.2645,MW,demo,2026-03-02
2026-03-03,power.sg_demand,7113.9591,MW,demo,2026-03-03
2026-03-04,power.sg_demand,6916.8296,MW,demo,2026-03-04
2026-03-05,power.sg_demand,7137.982,MW,demo,2026-03-05
2026-03-06,power.sg_demand,7217.8566,MW,demo,2026-03-06
2026-03-09,power.sg_demand,6744.8643,MW,demo,2026-03-09
2026-03-10,power.sg_demand,6923.9883,MW,demo,2026-03-10
2026-03-11,power.sg_demand,6749.2639,MW,demo,2026-03-11
2026-03-12,power.sg_demand,6973.9757,MW,demo,2026-03-12
2026-03-13,power.sg_demand,6844.7876,MW,demo,2026-03-13
2026-03-16,power.sg_demand,6724.228,MW,demo,2026-03-16
2026-03-17,power.sg_demand,6482.7708,MW,demo,2026-03-17
2026-03-18,power.sg_demand,6507.7853,MW,demo,2026-03-18
2026-03-19,power.sg_demand,6743.0431,MW,demo,2026-03-19
2026-03-20,power.sg_demand,6650.1981,MW,demo,2026-03-20
2026-03-23,power.sg_demand,6365.1698,MW,demo,2026-03-23
2026-03-24,power.sg_demand,6817.1705,MW,demo,2026-03-24
2026-03-25,power.sg_demand,7149.5271,MW,demo,2026-03-25
2026-03-26,power.sg_demand,7231.7962,MW,demo,2026-03-26
2026-03-27,power.sg_demand,7088.8125,MW,demo,2026-03-27
2026-03-30,power.sg_demand,6850.4174,MW,demo,2026-03-30
2026-03-31,power.sg_demand,6573.712,MW,demo,2026-03-31
2026-04-01,power.sg_demand,6719.4733,MW,demo,2026-04-01
2026-04-02,power.sg_demand,6971.914,MW,demo,2026-04-02
2026-04-03,power.sg_demand,6777.3221,MW,demo,2026-04-03
2026-04-06,power.sg_demand,6795.6685,MW,demo,2026-04-06
2026-04-07,power.sg_demand,6763.1951,MW,demo,2026-04-07
2026-04-08,power.sg_demand,6739.2497,MW,demo,2026-04-08
2026-04-09,power.sg_demand,6850.3673,MW,demo,2026-04-09
2026-04-10,power.sg_demand,7220.6784,MW,demo,2026-04-10
2026-04-13,power.sg_demand,7062.1302,MW,demo,2026-04-13
2026-04-14,power.sg_demand,7185.2017,MW,demo,2026-04-14
2026-04-15,power.sg_demand,7331.2734,MW,demo,2026-04-15
2026-04-16,power.sg_demand,7217.2789,MW,demo,2026-04-16
2026-04-17,power.sg_demand,7143.8726,MW,demo,2026-04-17
2026-04-20,power.sg_demand,6874.5944,MW,demo,2026-04-20
2026-04-21,power.sg_demand,7065.506,MW,demo,2026-04-21
2026-04-22,power.sg_demand,6948.5709,MW,demo,2026-04-22
2026-04-23,power.sg_demand,6827.7889,MW,demo,2026-04-23
2026-04-24,power.sg_demand,6850.2923,MW,demo,2026-04-24
2026-04-27,power.sg_demand,6708.8723,MW,demo,2026-04-27
2026-04-28,power.sg_demand,6556.6892,MW,demo,2026-04-28
2026-04-29,power.sg_demand,6556.5201,MW,demo,2026-04-29
2026-04-30,power.sg_demand,6865.9889,MW,demo,2026-04-30
2026-05-01,power.sg_demand,6835.4551,MW,demo,2026-05-01
2026-05-04,power.sg_demand,6936.5861,MW,demo,2026-05-04
2026-05-05,power.sg_demand,6676.6048,MW,demo,2026-05-05
2026-05-06,power.sg_demand,6372.1837,MW,demo,2026-05-06
2026-05-07,power.sg_demand,6766.7573,MW,demo,2026-05-07
2026-05-08,power.sg_demand,6717.6478,MW,demo,2026-05-08
2026-05-11,power.sg_demand,6477.9865,MW,demo,2026-05-11
2026-05-12,power.sg_demand,6522.9098,MW,demo,2026-05-12
2026-05-13,power.sg_demand,6684.8542,MW,demo,2026-05-13
2026-05-14,power.sg_demand,6417.4101,MW,demo,2026-05-14
2026-05-15,power.sg_demand,6336.6986,MW,demo,2026-05-15
2026-05-18,power.sg_demand,6466.2325,MW,demo,2026-05-18
2026-05-19,power.sg_demand,6371.2595,MW,demo,2026-05-19
2026-05-20,power.sg_demand,6588.9146,MW,demo,2026-05-20
2026-05-21,power.sg_demand,6802.5607,MW,demo,2026-05-21
2026-05-22,power.sg_demand,6894.0172,MW,demo,2026-05-22
2026-05-25,power.sg_demand,6820.3514,MW,demo,2026-05-25
2026-05-26,power.sg_demand,6824.2413,MW,demo,2026-05-26
2026-05-27,power.sg_demand,6725.7773,MW,demo,2026-05-27
2026-05-28,power.sg_demand,6729.252,MW,demo,2026-05-28
2026-05-29,power.sg_demand,6810.0847,MW,demo,2026-05-29
2026-06-01,power.sg_demand,6771.4206,MW,demo,2026-06-01
2026-06-02,power.sg_demand,6959.7286,MW,demo,2026-06-02
2026-06-03,power.sg_demand,7401.4269,MW,demo,2026-06-03
2026-06-04,power.sg_demand,7231.1896,MW,demo,2026-06-04
2026-06-05,power.sg_demand,7241.1007,MW,demo,2026-06-05
2026-06-08,power.sg_demand,7332.8972,MW,demo,2026-06-08
2026-06-09,power.sg_demand,7379.9328,MW,demo,2026-06-09
2026-06-10,power.sg_demand,7266.6128,MW,demo,2026-06-10
2026-06-11,power.sg_demand,7128.3194,MW,demo,2026-06-11
2026-06-12,power.sg_demand,7268.5314,MW,demo,2026-06-12
2026-06-15,power.sg_demand,7321.8054,MW,demo,2026-06-15
2026-06-16,power.sg_demand,7346.5465,MW,demo,2026-06-16
2026-06-17,power.sg_demand,7139.9083,MW,demo,2026-06-17
2026-06-18,power.sg_demand,7213.704,MW,demo,2026-06-18
2026-06-19,power.sg_demand,7304.7792,MW,demo,2026-06-19
2026-06-22,power.sg_demand,7211.9062,MW,demo,2026-06-22
2026-06-23,power.sg_demand,7277.4505,MW,demo,2026-06-23
2026-06-24,power.sg_demand,7598.3795,MW,demo,2026-06-24
2026-06-25,power.sg_demand,7167.333,MW,demo,2026-06-25
2026-06-26,power.sg_demand,7232.7105,MW,demo,2026-06-26
2026-06-29,power.sg_demand,6979.2084,MW,demo,2026-06-29
2026-06-30,power.sg_demand,6730.1208,MW,demo,2026-06-30
2026-02-25,power.sg_usep,181.3917,SGD/MWh,demo,2026-02-25
2026-02-26,power.sg_usep,167.7607,SGD/MWh,demo,2026-02-26
2026-02-27,power.sg_usep,178.0445,SGD/MWh,demo,2026-02-27
2026-03-02,power.sg_usep,157.3205,SGD/MWh,demo,2026-03-02
2026-03-03,power.sg_usep,147.6568,SGD/MWh,demo,2026-03-03
2026-03-04,power.sg_usep,143.358,SGD/MWh,demo,2026-03-04
2026-03-05,power.sg_usep,156.1686,SGD/MWh,demo,2026-03-05
2026-03-06,power.sg_usep,138.7729,SGD/MWh,demo,2026-03-06
2026-03-09,power.sg_usep,149.6688,SGD/MWh,demo,2026-03-09
2026-03-10,power.sg_usep,144.6314,SGD/MWh,demo,2026-03-10
2026-03-11,power.sg_usep,162.0245,SGD/MWh,demo,2026-03-11
2026-03-12,power.sg_usep,158.8794,SGD/MWh,demo,2026-03-12
2026-03-13,power.sg_usep,165.4119,SGD/MWh,demo,2026-03-13
2026-03-16,power.sg_usep,163.3661,SGD/MWh,demo,2026-03-16
2026-03-17,power.sg_usep,184.3173,SGD/MWh,demo,2026-03-17
2026-03-18,power.sg_usep,177.2618,SGD/MWh,demo,2026-03-18
2026-03-19,power.sg_usep,175.134,SGD/MWh,demo,2026-03-19
2026-03-20,power.sg_usep,196.5221,SGD/MWh,demo,2026-03-20
2026-03-23,power.sg_usep,192.6891,SGD/MWh,demo,2026-03-23
2026-03-24,power.sg_usep,196.4572,SGD/MWh,demo,2026-03-24
2026-03-25,power.sg_usep,183.2267,SGD/MWh,demo,2026-03-25
2026-03-26,power.sg_usep,182.798,SGD/MWh,demo,2026-03-26
2026-03-27,power.sg_usep,153.9357,SGD/MWh,demo,2026-03-27
2026-03-30,power.sg_usep,156.8106,SGD/MWh,demo,2026-03-30
2026-03-31,power.sg_usep,150.5717,SGD/MWh,demo,2026-03-31
2026-04-01,power.sg_usep,135.3826,SGD/MWh,demo,2026-04-01
2026-04-02,power.sg_usep,123.4737,SGD/MWh,demo,2026-04-02
2026-04-03,power.sg_usep,142.885,SGD/MWh,demo,2026-04-03
2026-04-06,power.sg_usep,151.1273,SGD/MWh,demo,2026-04-06
2026-04-07,power.sg_usep,135.7016,SGD/MWh,demo,2026-04-07
2026-04-08,power.sg_usep,161.0415,SGD/MWh,demo,2026-04-08
2026-04-09,power.sg_usep,153.6014,SGD/MWh,demo,2026-04-09
2026-04-10,power.sg_usep,151.0518,SGD/MWh,demo,2026-04-10
2026-04-13,power.sg_usep,155.9904,SGD/MWh,demo,2026-04-13
2026-04-14,power.sg_usep,144.2128,SGD/MWh,demo,2026-04-14
2026-04-15,power.sg_usep,128.656,SGD/MWh,demo,2026-04-15
2026-04-16,power.sg_usep,125.499,SGD/MWh,demo,2026-04-16
2026-04-17,power.sg_usep,145.0664,SGD/MWh,demo,2026-04-17
2026-04-20,power.sg_usep,159.0463,SGD/MWh,demo,2026-04-20
2026-04-21,power.sg_usep,141.6975,SGD/MWh,demo,2026-04-21
2026-04-22,power.sg_usep,159.0938,SGD/MWh,demo,2026-04-22
2026-04-23,power.sg_usep,160.3725,SGD/MWh,demo,2026-04-23
2026-04-24,power.sg_usep,166.8459,SGD/MWh,demo,2026-04-24
2026-04-27,power.sg_usep,167.1649,SGD/MWh,demo,2026-04-27
2026-04-28,power.sg_usep,171.6152,SGD/MWh,demo,2026-04-28
2026-04-29,power.sg_usep,159.0724,SGD/MWh,demo,2026-04-29
2026-04-30,power.sg_usep,149.4629,SGD/MWh,demo,2026-04-30
2026-05-01,power.sg_usep,143.6755,SGD/MWh,demo,2026-05-01
2026-05-04,power.sg_usep,142.6202,SGD/MWh,demo,2026-05-04
2026-05-05,power.sg_usep,153.1275,SGD/MWh,demo,2026-05-05
2026-05-06,power.sg_usep,140.8659,SGD/MWh,demo,2026-05-06
2026-05-07,power.sg_usep,162.8946,SGD/MWh,demo,2026-05-07
2026-05-08,power.sg_usep,155.9079,SGD/MWh,demo,2026-05-08
2026-05-11,power.sg_usep,150.4764,SGD/MWh,demo,2026-05-11
2026-05-12,power.sg_usep,160.7752,SGD/MWh,demo,2026-05-12
2026-05-13,power.sg_usep,166.4186,SGD/MWh,demo,2026-05-13
2026-05-14,power.sg_usep,162.2913,SGD/MWh,demo,2026-05-14
2026-05-15,power.sg_usep,150.34,SGD/MWh,demo,2026-05-15
2026-05-18,power.sg_usep,140.9892,SGD/MWh,demo,2026-05-18
2026-05-19,power.sg_usep,126.1361,SGD/MWh,demo,2026-05-19
2026-05-20,power.sg_usep,145.1689,SGD/MWh,demo,2026-05-20
2026-05-21,power.sg_usep,160.6536,SGD/MWh,demo,2026-05-21
2026-05-22,power.sg_usep,182.8792,SGD/MWh,demo,2026-05-22
2026-05-25,power.sg_usep,185.957,SGD/MWh,demo,2026-05-25
2026-05-26,power.sg_usep,186.6558,SGD/MWh,demo,2026-05-26
2026-05-27,power.sg_usep,192.1514,SGD/MWh,demo,2026-05-27
2026-05-28,power.sg_usep,199.0633,SGD/MWh,demo,2026-05-28
2026-05-29,power.sg_usep,190.9641,SGD/MWh,demo,2026-05-29
2026-06-01,power.sg_usep,191.1376,SGD/MWh,demo,2026-06-01
2026-06-02,power.sg_usep,212.092,SGD/MWh,demo,2026-06-02
2026-06-03,power.sg_usep,185.4677,SGD/MWh,demo,2026-06-03
2026-06-04,power.sg_usep,166.1656,SGD/MWh,demo,2026-06-04
2026-06-05,power.sg_usep,154.8671,SGD/MWh,demo,2026-06-05
2026-06-08,power.sg_usep,165.0878,SGD/MWh,demo,2026-06-08
2026-06-09,power.sg_usep,178.7945,SGD/MWh,demo,2026-06-09
2026-06-10,power.sg_usep,172.8125,SGD/MWh,demo,2026-06-10
2026-06-11,power.sg_usep,179.3981,SGD/MWh,demo,2026-06-11
2026-06-12,power.sg_usep,176.6794,SGD/MWh,demo,2026-06-12
2026-06-15,power.sg_usep,178.3916,SGD/MWh,demo,2026-06-15
2026-06-16,power.sg_usep,170.14,SGD/MWh,demo,2026-06-16
2026-06-17,power.sg_usep,169.0549,SGD/MWh,demo,2026-06-17
2026-06-18,power.sg_usep,168.3925,SGD/MWh,demo,2026-06-18
2026-06-19,power.sg_usep,180.9489,SGD/MWh,demo,2026-06-19
2026-06-22,power.sg_usep,204.3373,SGD/MWh,demo,2026-06-22
2026-06-23,power.sg_usep,177.4719,SGD/MWh,demo,2026-06-23
2026-06-24,power.sg_usep,181.7533,SGD/MWh,demo,2026-06-24
2026-06-25,power.sg_usep,179.1832,SGD/MWh,demo,2026-06-25
2026-06-26,power.sg_usep,188.2399,SGD/MWh,demo,2026-06-26
2026-06-29,power.sg_usep,197.017,SGD/MWh,demo,2026-06-29
2026-06-30,power.sg_usep,201.2314,SGD/MWh,demo,2026-06-30
2026-02-25,rate.breakeven_10y,2.3241,%,demo,2026-02-25
2026-02-26,rate.breakeven_10y,2.3017,%,demo,2026-02-26
2026-02-27,rate.breakeven_10y,2.3275,%,demo,2026-02-27
2026-03-02,rate.breakeven_10y,2.2684,%,demo,2026-03-02
2026-03-03,rate.breakeven_10y,2.2891,%,demo,2026-03-03
2026-03-04,rate.breakeven_10y,2.2772,%,demo,2026-03-04
2026-03-05,rate.breakeven_10y,2.2898,%,demo,2026-03-05
2026-03-06,rate.breakeven_10y,2.3051,%,demo,2026-03-06
2026-03-09,rate.breakeven_10y,2.2807,%,demo,2026-03-09
2026-03-10,rate.breakeven_10y,2.2819,%,demo,2026-03-10
2026-03-11,rate.breakeven_10y,2.2894,%,demo,2026-03-11
2026-03-12,rate.breakeven_10y,2.3027,%,demo,2026-03-12
2026-03-13,rate.breakeven_10y,2.2837,%,demo,2026-03-13
2026-03-16,rate.breakeven_10y,2.2663,%,demo,2026-03-16
2026-03-17,rate.breakeven_10y,2.2329,%,demo,2026-03-17
2026-03-18,rate.breakeven_10y,2.2938,%,demo,2026-03-18
2026-03-19,rate.breakeven_10y,2.2908,%,demo,2026-03-19
2026-03-20,rate.breakeven_10y,2.2878,%,demo,2026-03-20
2026-03-23,rate.breakeven_10y,2.2597,%,demo,2026-03-23
2026-03-24,rate.breakeven_10y,2.2844,%,demo,2026-03-24
2026-03-25,rate.breakeven_10y,2.276,%,demo,2026-03-25
2026-03-26,rate.breakeven_10y,2.3083,%,demo,2026-03-26
2026-03-27,rate.breakeven_10y,2.3241,%,demo,2026-03-27
2026-03-30,rate.breakeven_10y,2.3209,%,demo,2026-03-30
2026-03-31,rate.breakeven_10y,2.3323,%,demo,2026-03-31
2026-04-01,rate.breakeven_10y,2.3052,%,demo,2026-04-01
2026-04-02,rate.breakeven_10y,2.2979,%,demo,2026-04-02
2026-04-03,rate.breakeven_10y,2.2867,%,demo,2026-04-03
2026-04-06,rate.breakeven_10y,2.2633,%,demo,2026-04-06
2026-04-07,rate.breakeven_10y,2.2692,%,demo,2026-04-07
2026-04-08,rate.breakeven_10y,2.2709,%,demo,2026-04-08
2026-04-09,rate.breakeven_10y,2.304,%,demo,2026-04-09
2026-04-10,rate.breakeven_10y,2.2363,%,demo,2026-04-10
2026-04-13,rate.breakeven_10y,2.2324,%,demo,2026-04-13
2026-04-14,rate.breakeven_10y,2.2242,%,demo,2026-04-14
2026-04-15,rate.breakeven_10y,2.2263,%,demo,2026-04-15
2026-04-16,rate.breakeven_10y,2.2458,%,demo,2026-04-16
2026-04-17,rate.breakeven_10y,2.262,%,demo,2026-04-17
2026-04-20,rate.breakeven_10y,2.2683,%,demo,2026-04-20
2026-04-21,rate.breakeven_10y,2.2635,%,demo,2026-04-21
2026-04-22,rate.breakeven_10y,2.2789,%,demo,2026-04-22
2026-04-23,rate.breakeven_10y,2.2893,%,demo,2026-04-23
2026-04-24,rate.breakeven_10y,2.254,%,demo,2026-04-24
2026-04-27,rate.breakeven_10y,2.2557,%,demo,2026-04-27
2026-04-28,rate.breakeven_10y,2.2348,%,demo,2026-04-28
2026-04-29,rate.breakeven_10y,2.221,%,demo,2026-04-29
2026-04-30,rate.breakeven_10y,2.2358,%,demo,2026-04-30
2026-05-01,rate.breakeven_10y,2.2466,%,demo,2026-05-01
2026-05-04,rate.breakeven_10y,2.2569,%,demo,2026-05-04
2026-05-05,rate.breakeven_10y,2.2458,%,demo,2026-05-05
2026-05-06,rate.breakeven_10y,2.2499,%,demo,2026-05-06
2026-05-07,rate.breakeven_10y,2.2392,%,demo,2026-05-07
2026-05-08,rate.breakeven_10y,2.256,%,demo,2026-05-08
2026-05-11,rate.breakeven_10y,2.2763,%,demo,2026-05-11
2026-05-12,rate.breakeven_10y,2.315,%,demo,2026-05-12
2026-05-13,rate.breakeven_10y,2.3381,%,demo,2026-05-13
2026-05-14,rate.breakeven_10y,2.3162,%,demo,2026-05-14
2026-05-15,rate.breakeven_10y,2.3047,%,demo,2026-05-15
2026-05-18,rate.breakeven_10y,2.2852,%,demo,2026-05-18
2026-05-19,rate.breakeven_10y,2.2935,%,demo,2026-05-19
2026-05-20,rate.breakeven_10y,2.3341,%,demo,2026-05-20
2026-05-21,rate.breakeven_10y,2.3432,%,demo,2026-05-21
2026-05-22,rate.breakeven_10y,2.2927,%,demo,2026-05-22
2026-05-25,rate.breakeven_10y,2.2686,%,demo,2026-05-25
2026-05-26,rate.breakeven_10y,2.2475,%,demo,2026-05-26
2026-05-27,rate.breakeven_10y,2.2657,%,demo,2026-05-27
2026-05-28,rate.breakeven_10y,2.2708,%,demo,2026-05-28
2026-05-29,rate.breakeven_10y,2.2812,%,demo,2026-05-29
2026-06-01,rate.breakeven_10y,2.3197,%,demo,2026-06-01
2026-06-02,rate.breakeven_10y,2.3002,%,demo,2026-06-02
2026-06-03,rate.breakeven_10y,2.2832,%,demo,2026-06-03
2026-06-04,rate.breakeven_10y,2.325,%,demo,2026-06-04
2026-06-05,rate.breakeven_10y,2.3281,%,demo,2026-06-05
2026-06-08,rate.breakeven_10y,2.3083,%,demo,2026-06-08
2026-06-09,rate.breakeven_10y,2.2665,%,demo,2026-06-09
2026-06-10,rate.breakeven_10y,2.241,%,demo,2026-06-10
2026-06-11,rate.breakeven_10y,2.201,%,demo,2026-06-11
2026-06-12,rate.breakeven_10y,2.2172,%,demo,2026-06-12
2026-06-15,rate.breakeven_10y,2.2305,%,demo,2026-06-15
2026-06-16,rate.breakeven_10y,2.2608,%,demo,2026-06-16
2026-06-17,rate.breakeven_10y,2.2639,%,demo,2026-06-17
2026-06-18,rate.breakeven_10y,2.2554,%,demo,2026-06-18
2026-06-19,rate.breakeven_10y,2.2473,%,demo,2026-06-19
2026-06-22,rate.breakeven_10y,2.2932,%,demo,2026-06-22
2026-06-23,rate.breakeven_10y,2.2589,%,demo,2026-06-23
2026-06-24,rate.breakeven_10y,2.2686,%,demo,2026-06-24
2026-06-25,rate.breakeven_10y,2.2738,%,demo,2026-06-25
2026-06-26,rate.breakeven_10y,2.2901,%,demo,2026-06-26
2026-06-29,rate.breakeven_10y,2.2835,%,demo,2026-06-29
2026-06-30,rate.breakeven_10y,2.2959,%,demo,2026-06-30
2026-02-25,rate.fed_funds,4.3382,%,demo,2026-02-25
2026-02-26,rate.fed_funds,4.3355,%,demo,2026-02-26
2026-02-27,rate.fed_funds,4.3301,%,demo,2026-02-27
2026-03-02,rate.fed_funds,4.3282,%,demo,2026-03-02
2026-03-03,rate.fed_funds,4.3188,%,demo,2026-03-03
2026-03-04,rate.fed_funds,4.3184,%,demo,2026-03-04
2026-03-05,rate.fed_funds,4.3171,%,demo,2026-03-05
2026-03-06,rate.fed_funds,4.3212,%,demo,2026-03-06
2026-03-09,rate.fed_funds,4.3359,%,demo,2026-03-09
2026-03-10,rate.fed_funds,4.3481,%,demo,2026-03-10
2026-03-11,rate.fed_funds,4.3409,%,demo,2026-03-11
2026-03-12,rate.fed_funds,4.3453,%,demo,2026-03-12
2026-03-13,rate.fed_funds,4.3459,%,demo,2026-03-13
2026-03-16,rate.fed_funds,4.3512,%,demo,2026-03-16
2026-03-17,rate.fed_funds,4.3482,%,demo,2026-03-17
2026-03-18,rate.fed_funds,4.3481,%,demo,2026-03-18
2026-03-19,rate.fed_funds,4.3407,%,demo,2026-03-19
2026-03-20,rate.fed_funds,4.3313,%,demo,2026-03-20
2026-03-23,rate.fed_funds,4.3398,%,demo,2026-03-23
2026-03-24,rate.fed_funds,4.3513,%,demo,2026-03-24
2026-03-25,rate.fed_funds,4.3547,%,demo,2026-03-25
2026-03-26,rate.fed_funds,4.3554,%,demo,2026-03-26
2026-03-27,rate.fed_funds,4.3542,%,demo,2026-03-27
2026-03-30,rate.fed_funds,4.3461,%,demo,2026-03-30
2026-03-31,rate.fed_funds,4.3259,%,demo,2026-03-31
2026-04-01,rate.fed_funds,4.3331,%,demo,2026-04-01
2026-04-02,rate.fed_funds,4.3346,%,demo,2026-04-02
2026-04-03,rate.fed_funds,4.3284,%,demo,2026-04-03
2026-04-06,rate.fed_funds,4.319,%,demo,2026-04-06
2026-04-07,rate.fed_funds,4.3334,%,demo,2026-04-07
2026-04-08,rate.fed_funds,4.3149,%,demo,2026-04-08
2026-04-09,rate.fed_funds,4.3348,%,demo,2026-04-09
2026-04-10,rate.fed_funds,4.3404,%,demo,2026-04-10
2026-04-13,rate.fed_funds,4.3626,%,demo,2026-04-13
2026-04-14,rate.fed_funds,4.3505,%,demo,2026-04-14
2026-04-15,rate.fed_funds,4.3472,%,demo,2026-04-15
2026-04-16,rate.fed_funds,4.3396,%,demo,2026-04-16
2026-04-17,rate.fed_funds,4.3397,%,demo,2026-04-17
2026-04-20,rate.fed_funds,4.3361,%,demo,2026-04-20
2026-04-21,rate.fed_funds,4.3277,%,demo,2026-04-21
2026-04-22,rate.fed_funds,4.3388,%,demo,2026-04-22
2026-04-23,rate.fed_funds,4.3296,%,demo,2026-04-23
2026-04-24,rate.fed_funds,4.3246,%,demo,2026-04-24
2026-04-27,rate.fed_funds,4.331,%,demo,2026-04-27
2026-04-28,rate.fed_funds,4.3255,%,demo,2026-04-28
2026-04-29,rate.fed_funds,4.3218,%,demo,2026-04-29
2026-04-30,rate.fed_funds,4.3266,%,demo,2026-04-30
2026-05-01,rate.fed_funds,4.3234,%,demo,2026-05-01
2026-05-04,rate.fed_funds,4.3119,%,demo,2026-05-04
2026-05-05,rate.fed_funds,4.3136,%,demo,2026-05-05
2026-05-06,rate.fed_funds,4.3139,%,demo,2026-05-06
2026-05-07,rate.fed_funds,4.3333,%,demo,2026-05-07
2026-05-08,rate.fed_funds,4.3219,%,demo,2026-05-08
2026-05-11,rate.fed_funds,4.3328,%,demo,2026-05-11
2026-05-12,rate.fed_funds,4.3245,%,demo,2026-05-12
2026-05-13,rate.fed_funds,4.3218,%,demo,2026-05-13
2026-05-14,rate.fed_funds,4.3197,%,demo,2026-05-14
2026-05-15,rate.fed_funds,4.324,%,demo,2026-05-15
2026-05-18,rate.fed_funds,4.3335,%,demo,2026-05-18
2026-05-19,rate.fed_funds,4.3505,%,demo,2026-05-19
2026-05-20,rate.fed_funds,4.3411,%,demo,2026-05-20
2026-05-21,rate.fed_funds,4.3527,%,demo,2026-05-21
2026-05-22,rate.fed_funds,4.3592,%,demo,2026-05-22
2026-05-25,rate.fed_funds,4.363,%,demo,2026-05-25
2026-05-26,rate.fed_funds,4.3504,%,demo,2026-05-26
2026-05-27,rate.fed_funds,4.3564,%,demo,2026-05-27
2026-05-28,rate.fed_funds,4.3514,%,demo,2026-05-28
2026-05-29,rate.fed_funds,4.3517,%,demo,2026-05-29
2026-06-01,rate.fed_funds,4.3457,%,demo,2026-06-01
2026-06-02,rate.fed_funds,4.35,%,demo,2026-06-02
2026-06-03,rate.fed_funds,4.3582,%,demo,2026-06-03
2026-06-04,rate.fed_funds,4.3653,%,demo,2026-06-04
2026-06-05,rate.fed_funds,4.3579,%,demo,2026-06-05
2026-06-08,rate.fed_funds,4.3637,%,demo,2026-06-08
2026-06-09,rate.fed_funds,4.3731,%,demo,2026-06-09
2026-06-10,rate.fed_funds,4.3573,%,demo,2026-06-10
2026-06-11,rate.fed_funds,4.3679,%,demo,2026-06-11
2026-06-12,rate.fed_funds,4.3489,%,demo,2026-06-12
2026-06-15,rate.fed_funds,4.3515,%,demo,2026-06-15
2026-06-16,rate.fed_funds,4.3542,%,demo,2026-06-16
2026-06-17,rate.fed_funds,4.3654,%,demo,2026-06-17
2026-06-18,rate.fed_funds,4.3629,%,demo,2026-06-18
2026-06-19,rate.fed_funds,4.3531,%,demo,2026-06-19
2026-06-22,rate.fed_funds,4.3417,%,demo,2026-06-22
2026-06-23,rate.fed_funds,4.3274,%,demo,2026-06-23
2026-06-24,rate.fed_funds,4.3355,%,demo,2026-06-24
2026-06-25,rate.fed_funds,4.3323,%,demo,2026-06-25
2026-06-26,rate.fed_funds,4.3248,%,demo,2026-06-26
2026-06-29,rate.fed_funds,4.3309,%,demo,2026-06-29
2026-06-30,rate.fed_funds,4.3231,%,demo,2026-06-30
2026-02-25,rate.real_10y,1.9479,%,demo,2026-02-25
2026-02-26,rate.real_10y,1.9439,%,demo,2026-02-26
2026-02-27,rate.real_10y,1.9408,%,demo,2026-02-27
2026-03-02,rate.real_10y,1.9228,%,demo,2026-03-02
2026-03-03,rate.real_10y,1.9939,%,demo,2026-03-03
2026-03-04,rate.real_10y,2.0027,%,demo,2026-03-04
2026-03-05,rate.real_10y,2.0077,%,demo,2026-03-05
2026-03-06,rate.real_10y,2.0678,%,demo,2026-03-06
2026-03-09,rate.real_10y,2.0922,%,demo,2026-03-09
2026-03-10,rate.real_10y,2.0242,%,demo,2026-03-10
2026-03-11,rate.real_10y,2.0339,%,demo,2026-03-11
2026-03-12,rate.real_10y,2.0465,%,demo,2026-03-12
2026-03-13,rate.real_10y,2.0885,%,demo,2026-03-13
2026-03-16,rate.real_10y,2.1072,%,demo,2026-03-16
2026-03-17,rate.real_10y,2.1068,%,demo,2026-03-17
2026-03-18,rate.real_10y,2.0479,%,demo,2026-03-18
2026-03-19,rate.real_10y,2.0071,%,demo,2026-03-19
2026-03-20,rate.real_10y,2.0066,%,demo,2026-03-20
2026-03-23,rate.real_10y,2.0133,%,demo,2026-03-23
2026-03-24,rate.real_10y,1.9731,%,demo,2026-03-24
2026-03-25,rate.real_10y,1.9581,%,demo,2026-03-25
2026-03-26,rate.real_10y,1.9449,%,demo,2026-03-26
2026-03-27,rate.real_10y,1.9475,%,demo,2026-03-27
2026-03-30,rate.real_10y,1.958,%,demo,2026-03-30
2026-03-31,rate.real_10y,1.9482,%,demo,2026-03-31
2026-04-01,rate.real_10y,1.9113,%,demo,2026-04-01
2026-04-02,rate.real_10y,1.9544,%,demo,2026-04-02
2026-04-03,rate.real_10y,2.0016,%,demo,2026-04-03
2026-04-06,rate.real_10y,1.9907,%,demo,2026-04-06
2026-04-07,rate.real_10y,2.0153,%,demo,2026-04-07
2026-04-08,rate.real_10y,2.0189,%,demo,2026-04-08
2026-04-09,rate.real_10y,2.0283,%,demo,2026-04-09
2026-04-10,rate.real_10y,2.031,%,demo,2026-04-10
2026-04-13,rate.real_10y,1.996,%,demo,2026-04-13
2026-04-14,rate.real_10y,2.0063,%,demo,2026-04-14
2026-04-15,rate.real_10y,2.0282,%,demo,2026-04-15
2026-04-16,rate.real_10y,1.9896,%,demo,2026-04-16
2026-04-17,rate.real_10y,2.0426,%,demo,2026-04-17
2026-04-20,rate.real_10y,2.0914,%,demo,2026-04-20
2026-04-21,rate.real_10y,2.1249,%,demo,2026-04-21
2026-04-22,rate.real_10y,2.1583,%,demo,2026-04-22
2026-04-23,rate.real_10y,2.1494,%,demo,2026-04-23
2026-04-24,rate.real_10y,2.1093,%,demo,2026-04-24
2026-04-27,rate.real_10y,2.0674,%,demo,2026-04-27
2026-04-28,rate.real_10y,2.0254,%,demo,2026-04-28
2026-04-29,rate.real_10y,2.0176,%,demo,2026-04-29
2026-04-30,rate.real_10y,2.0065,%,demo,2026-04-30
2026-05-01,rate.real_10y,2.0181,%,demo,2026-05-01
2026-05-04,rate.real_10y,1.9473,%,demo,2026-05-04
2026-05-05,rate.real_10y,2.0171,%,demo,2026-05-05
2026-05-06,rate.real_10y,2.0753,%,demo,2026-05-06
2026-05-07,rate.real_10y,2.0557,%,demo,2026-05-07
2026-05-08,rate.real_10y,2.0601,%,demo,2026-05-08
2026-05-11,rate.real_10y,2.0579,%,demo,2026-05-11
2026-05-12,rate.real_10y,2.0499,%,demo,2026-05-12
2026-05-13,rate.real_10y,2.0286,%,demo,2026-05-13
2026-05-14,rate.real_10y,2.0132,%,demo,2026-05-14
2026-05-15,rate.real_10y,1.9789,%,demo,2026-05-15
2026-05-18,rate.real_10y,1.9799,%,demo,2026-05-18
2026-05-19,rate.real_10y,1.9747,%,demo,2026-05-19
2026-05-20,rate.real_10y,1.9806,%,demo,2026-05-20
2026-05-21,rate.real_10y,1.9504,%,demo,2026-05-21
2026-05-22,rate.real_10y,1.9515,%,demo,2026-05-22
2026-05-25,rate.real_10y,1.9527,%,demo,2026-05-25
2026-05-26,rate.real_10y,1.9704,%,demo,2026-05-26
2026-05-27,rate.real_10y,1.9355,%,demo,2026-05-27
2026-05-28,rate.real_10y,1.9502,%,demo,2026-05-28
2026-05-29,rate.real_10y,1.9797,%,demo,2026-05-29
2026-06-01,rate.real_10y,1.9932,%,demo,2026-06-01
2026-06-02,rate.real_10y,1.9756,%,demo,2026-06-02
2026-06-03,rate.real_10y,1.957,%,demo,2026-06-03
2026-06-04,rate.real_10y,1.9489,%,demo,2026-06-04
2026-06-05,rate.real_10y,1.9709,%,demo,2026-06-05
2026-06-08,rate.real_10y,2.0144,%,demo,2026-06-08
2026-06-09,rate.real_10y,2.0,%,demo,2026-06-09
2026-06-10,rate.real_10y,1.9732,%,demo,2026-06-10
2026-06-11,rate.real_10y,1.981,%,demo,2026-06-11
2026-06-12,rate.real_10y,1.9825,%,demo,2026-06-12
2026-06-15,rate.real_10y,1.9504,%,demo,2026-06-15
2026-06-16,rate.real_10y,1.9282,%,demo,2026-06-16
2026-06-17,rate.real_10y,1.9284,%,demo,2026-06-17
2026-06-18,rate.real_10y,1.9518,%,demo,2026-06-18
2026-06-19,rate.real_10y,1.9157,%,demo,2026-06-19
2026-06-22,rate.real_10y,1.8903,%,demo,2026-06-22
2026-06-23,rate.real_10y,1.9143,%,demo,2026-06-23
2026-06-24,rate.real_10y,1.8829,%,demo,2026-06-24
2026-06-25,rate.real_10y,1.8962,%,demo,2026-06-25
2026-06-26,rate.real_10y,1.9148,%,demo,2026-06-26
2026-06-29,rate.real_10y,1.9168,%,demo,2026-06-29
2026-06-30,rate.real_10y,1.8912,%,demo,2026-06-30
2026-02-25,rate.sofr,4.3056,%,demo,2026-02-25
2026-02-26,rate.sofr,4.3017,%,demo,2026-02-26
2026-02-27,rate.sofr,4.3195,%,demo,2026-02-27
2026-03-02,rate.sofr,4.3327,%,demo,2026-03-02
2026-03-03,rate.sofr,4.3277,%,demo,2026-03-03
2026-03-04,rate.sofr,4.3093,%,demo,2026-03-04
2026-03-05,rate.sofr,4.3122,%,demo,2026-03-05
2026-03-06,rate.sofr,4.3126,%,demo,2026-03-06
2026-03-09,rate.sofr,4.3157,%,demo,2026-03-09
2026-03-10,rate.sofr,4.3205,%,demo,2026-03-10
2026-03-11,rate.sofr,4.3157,%,demo,2026-03-11
2026-03-12,rate.sofr,4.3241,%,demo,2026-03-12
2026-03-13,rate.sofr,4.3304,%,demo,2026-03-13
2026-03-16,rate.sofr,4.3294,%,demo,2026-03-16
2026-03-17,rate.sofr,4.3224,%,demo,2026-03-17
2026-03-18,rate.sofr,4.3158,%,demo,2026-03-18
2026-03-19,rate.sofr,4.3218,%,demo,2026-03-19
2026-03-20,rate.sofr,4.3091,%,demo,2026-03-20
2026-03-23,rate.sofr,4.3076,%,demo,2026-03-23
2026-03-24,rate.sofr,4.3005,%,demo,2026-03-24
2026-03-25,rate.sofr,4.288,%,demo,2026-03-25
2026-03-26,rate.sofr,4.2973,%,demo,2026-03-26
2026-03-27,rate.sofr,4.2989,%,demo,2026-03-27
2026-03-30,rate.sofr,4.301,%,demo,2026-03-30
2026-03-31,rate.sofr,4.3111,%,demo,2026-03-31
2026-04-01,rate.sofr,4.296,%,demo,2026-04-01
2026-04-02,rate.sofr,4.2974,%,demo,2026-04-02
2026-04-03,rate.sofr,4.3022,%,demo,2026-04-03
2026-04-06,rate.sofr,4.3117,%,demo,2026-04-06
2026-04-07,rate.sofr,4.3006,%,demo,2026-04-07
2026-04-08,rate.sofr,4.3091,%,demo,2026-04-08
2026-04-09,rate.sofr,4.3115,%,demo,2026-04-09
2026-04-10,rate.sofr,4.3248,%,demo,2026-04-10
2026-04-13,rate.sofr,4.334,%,demo,2026-04-13
2026-04-14,rate.sofr,4.3359,%,demo,2026-04-14
2026-04-15,rate.sofr,4.3535,%,demo,2026-04-15
2026-04-16,rate.sofr,4.3469,%,demo,2026-04-16
2026-04-17,rate.sofr,4.3372,%,demo,2026-04-17
2026-04-20,rate.sofr,4.3297,%,demo,2026-04-20
2026-04-21,rate.sofr,4.3173,%,demo,2026-04-21
2026-04-22,rate.sofr,4.3159,%,demo,2026-04-22
2026-04-23,rate.sofr,4.2963,%,demo,2026-04-23
2026-04-24,rate.sofr,4.2975,%,demo,2026-04-24
2026-04-27,rate.sofr,4.3036,%,demo,2026-04-27
2026-04-28,rate.sofr,4.3145,%,demo,2026-04-28
2026-04-29,rate.sofr,4.3103,%,demo,2026-04-29
2026-04-30,rate.sofr,4.3242,%,demo,2026-04-30
2026-05-01,rate.sofr,4.3155,%,demo,2026-05-01
2026-05-04,rate.sofr,4.3134,%,demo,2026-05-04
2026-05-05,rate.sofr,4.2941,%,demo,2026-05-05
2026-05-06,rate.sofr,4.2889,%,demo,2026-05-06
2026-05-07,rate.sofr,4.2841,%,demo,2026-05-07
2026-05-08,rate.sofr,4.3026,%,demo,2026-05-08
2026-05-11,rate.sofr,4.3089,%,demo,2026-05-11
2026-05-12,rate.sofr,4.2983,%,demo,2026-05-12
2026-05-13,rate.sofr,4.3052,%,demo,2026-05-13
2026-05-14,rate.sofr,4.3107,%,demo,2026-05-14
2026-05-15,rate.sofr,4.3083,%,demo,2026-05-15
2026-05-18,rate.sofr,4.3088,%,demo,2026-05-18
2026-05-19,rate.sofr,4.306,%,demo,2026-05-19
2026-05-20,rate.sofr,4.3013,%,demo,2026-05-20
2026-05-21,rate.sofr,4.2853,%,demo,2026-05-21
2026-05-22,rate.sofr,4.2881,%,demo,2026-05-22
2026-05-25,rate.sofr,4.3039,%,demo,2026-05-25
2026-05-26,rate.sofr,4.3188,%,demo,2026-05-26
2026-05-27,rate.sofr,4.3148,%,demo,2026-05-27
2026-05-28,rate.sofr,4.3068,%,demo,2026-05-28
2026-05-29,rate.sofr,4.3052,%,demo,2026-05-29
2026-06-01,rate.sofr,4.3147,%,demo,2026-06-01
2026-06-02,rate.sofr,4.3174,%,demo,2026-06-02
2026-06-03,rate.sofr,4.3106,%,demo,2026-06-03
2026-06-04,rate.sofr,4.314,%,demo,2026-06-04
2026-06-05,rate.sofr,4.3114,%,demo,2026-06-05
2026-06-08,rate.sofr,4.3162,%,demo,2026-06-08
2026-06-09,rate.sofr,4.3113,%,demo,2026-06-09
2026-06-10,rate.sofr,4.2968,%,demo,2026-06-10
2026-06-11,rate.sofr,4.2993,%,demo,2026-06-11
2026-06-12,rate.sofr,4.3083,%,demo,2026-06-12
2026-06-15,rate.sofr,4.2978,%,demo,2026-06-15
2026-06-16,rate.sofr,4.2986,%,demo,2026-06-16
2026-06-17,rate.sofr,4.3088,%,demo,2026-06-17
2026-06-18,rate.sofr,4.3054,%,demo,2026-06-18
2026-06-19,rate.sofr,4.2997,%,demo,2026-06-19
2026-06-22,rate.sofr,4.3211,%,demo,2026-06-22
2026-06-23,rate.sofr,4.3275,%,demo,2026-06-23
2026-06-24,rate.sofr,4.3349,%,demo,2026-06-24
2026-06-25,rate.sofr,4.3219,%,demo,2026-06-25
2026-06-26,rate.sofr,4.336,%,demo,2026-06-26
2026-06-29,rate.sofr,4.316,%,demo,2026-06-29
2026-06-30,rate.sofr,4.3101,%,demo,2026-06-30
2026-02-25,rate.ust_10y,4.3365,%,demo,2026-02-25
2026-02-26,rate.ust_10y,4.2989,%,demo,2026-02-26
2026-02-27,rate.ust_10y,4.2463,%,demo,2026-02-27
2026-03-02,rate.ust_10y,4.2621,%,demo,2026-03-02
2026-03-03,rate.ust_10y,4.2776,%,demo,2026-03-03
2026-03-04,rate.ust_10y,4.3052,%,demo,2026-03-04
2026-03-05,rate.ust_10y,4.3306,%,demo,2026-03-05
2026-03-06,rate.ust_10y,4.3824,%,demo,2026-03-06
2026-03-09,rate.ust_10y,4.3365,%,demo,2026-03-09
2026-03-10,rate.ust_10y,4.3701,%,demo,2026-03-10
2026-03-11,rate.ust_10y,4.3201,%,demo,2026-03-11
2026-03-12,rate.ust_10y,4.3449,%,demo,2026-03-12
2026-03-13,rate.ust_10y,4.3453,%,demo,2026-03-13
2026-03-16,rate.ust_10y,4.3482,%,demo,2026-03-16
2026-03-17,rate.ust_10y,4.3797,%,demo,2026-03-17
2026-03-18,rate.ust_10y,4.3671,%,demo,2026-03-18
2026-03-19,rate.ust_10y,4.4015,%,demo,2026-03-19
2026-03-20,rate.ust_10y,4.4213,%,demo,2026-03-20
2026-03-23,rate.ust_10y,4.4085,%,demo,2026-03-23
2026-03-24,rate.ust_10y,4.3696,%,demo,2026-03-24
2026-03-25,rate.ust_10y,4.329,%,demo,2026-03-25
2026-03-26,rate.ust_10y,4.3035,%,demo,2026-03-26
2026-03-27,rate.ust_10y,4.2949,%,demo,2026-03-27
2026-03-30,rate.ust_10y,4.2947,%,demo,2026-03-30
2026-03-31,rate.ust_10y,4.4147,%,demo,2026-03-31
2026-04-01,rate.ust_10y,4.423,%,demo,2026-04-01
2026-04-02,rate.ust_10y,4.4354,%,demo,2026-04-02
2026-04-03,rate.ust_10y,4.3806,%,demo,2026-04-03
2026-04-06,rate.ust_10y,4.3401,%,demo,2026-04-06
2026-04-07,rate.ust_10y,4.3213,%,demo,2026-04-07
2026-04-08,rate.ust_10y,4.3258,%,demo,2026-04-08
2026-04-09,rate.ust_10y,4.2805,%,demo,2026-04-09
2026-04-10,rate.ust_10y,4.3479,%,demo,2026-04-10
2026-04-13,rate.ust_10y,4.3182,%,demo,2026-04-13
2026-04-14,rate.ust_10y,4.3586,%,demo,2026-04-14
2026-04-15,rate.ust_10y,4.2564,%,demo,2026-04-15
2026-04-16,rate.ust_10y,4.2626,%,demo,2026-04-16
2026-04-17,rate.ust_10y,4.2794,%,demo,2026-04-17
2026-04-20,rate.ust_10y,4.2901,%,demo,2026-04-20
2026-04-21,rate.ust_10y,4.3157,%,demo,2026-04-21
2026-04-22,rate.ust_10y,4.3245,%,demo,2026-04-22
2026-04-23,rate.ust_10y,4.3273,%,demo,2026-04-23
2026-04-24,rate.ust_10y,4.2475,%,demo,2026-04-24
2026-04-27,rate.ust_10y,4.2269,%,demo,2026-04-27
2026-04-28,rate.ust_10y,4.1441,%,demo,2026-04-28
2026-04-29,rate.ust_10y,4.1926,%,demo,2026-04-29
2026-04-30,rate.ust_10y,4.221,%,demo,2026-04-30
2026-05-01,rate.ust_10y,4.2251,%,demo,2026-05-01
2026-05-04,rate.ust_10y,4.2035,%,demo,2026-05-04
2026-05-05,rate.ust_10y,4.1947,%,demo,2026-05-05
2026-05-06,rate.ust_10y,4.2843,%,demo,2026-05-06
2026-05-07,rate.ust_10y,4.3559,%,demo,2026-05-07
2026-05-08,rate.ust_10y,4.3452,%,demo,2026-05-08
2026-05-11,rate.ust_10y,4.3899,%,demo,2026-05-11
2026-05-12,rate.ust_10y,4.3129,%,demo,2026-05-12
2026-05-13,rate.ust_10y,4.2336,%,demo,2026-05-13
2026-05-14,rate.ust_10y,4.2242,%,demo,2026-05-14
2026-05-15,rate.ust_10y,4.2006,%,demo,2026-05-15
2026-05-18,rate.ust_10y,4.1931,%,demo,2026-05-18
2026-05-19,rate.ust_10y,4.2167,%,demo,2026-05-19
2026-05-20,rate.ust_10y,4.3502,%,demo,2026-05-20
2026-05-21,rate.ust_10y,4.3162,%,demo,2026-05-21
2026-05-22,rate.ust_10y,4.3158,%,demo,2026-05-22
2026-05-25,rate.ust_10y,4.3245,%,demo,2026-05-25
2026-05-26,rate.ust_10y,4.3194,%,demo,2026-05-26
2026-05-27,rate.ust_10y,4.3537,%,demo,2026-05-27
2026-05-28,rate.ust_10y,4.4167,%,demo,2026-05-28
2026-05-29,rate.ust_10y,4.3495,%,demo,2026-05-29
2026-06-01,rate.ust_10y,4.3485,%,demo,2026-06-01
2026-06-02,rate.ust_10y,4.3306,%,demo,2026-06-02
2026-06-03,rate.ust_10y,4.3403,%,demo,2026-06-03
2026-06-04,rate.ust_10y,4.273,%,demo,2026-06-04
2026-06-05,rate.ust_10y,4.2067,%,demo,2026-06-05
2026-06-08,rate.ust_10y,4.128,%,demo,2026-06-08
2026-06-09,rate.ust_10y,4.1748,%,demo,2026-06-09
2026-06-10,rate.ust_10y,4.2013,%,demo,2026-06-10
2026-06-11,rate.ust_10y,4.2191,%,demo,2026-06-11
2026-06-12,rate.ust_10y,4.1365,%,demo,2026-06-12
2026-06-15,rate.ust_10y,4.1461,%,demo,2026-06-15
2026-06-16,rate.ust_10y,4.139,%,demo,2026-06-16
2026-06-17,rate.ust_10y,4.1066,%,demo,2026-06-17
2026-06-18,rate.ust_10y,4.099,%,demo,2026-06-18
2026-06-19,rate.ust_10y,4.157,%,demo,2026-06-19
2026-06-22,rate.ust_10y,4.2002,%,demo,2026-06-22
2026-06-23,rate.ust_10y,4.2143,%,demo,2026-06-23
2026-06-24,rate.ust_10y,4.2477,%,demo,2026-06-24
2026-06-25,rate.ust_10y,4.2314,%,demo,2026-06-25
2026-06-26,rate.ust_10y,4.2446,%,demo,2026-06-26
2026-06-29,rate.ust_10y,4.2545,%,demo,2026-06-29
2026-06-30,rate.ust_10y,4.2835,%,demo,2026-06-30
2026-02-25,rate.ust_2y,3.8566,%,demo,2026-02-25
2026-02-26,rate.ust_2y,3.8176,%,demo,2026-02-26
2026-02-27,rate.ust_2y,3.74,%,demo,2026-02-27
2026-03-02,rate.ust_2y,3.7867,%,demo,2026-03-02
2026-03-03,rate.ust_2y,3.8011,%,demo,2026-03-03
2026-03-04,rate.ust_2y,3.9192,%,demo,2026-03-04
2026-03-05,rate.ust_2y,3.9151,%,demo,2026-03-05
2026-03-06,rate.ust_2y,3.9069,%,demo,2026-03-06
2026-03-09,rate.ust_2y,3.9636,%,demo,2026-03-09
2026-03-10,rate.ust_2y,3.9594,%,demo,2026-03-10
2026-03-11,rate.ust_2y,3.9572,%,demo,2026-03-11
2026-03-12,rate.ust_2y,3.9338,%,demo,2026-03-12
2026-03-13,rate.ust_2y,3.9045,%,demo,2026-03-13
2026-03-16,rate.ust_2y,3.9638,%,demo,2026-03-16
2026-03-17,rate.ust_2y,3.9942,%,demo,2026-03-17
2026-03-18,rate.ust_2y,4.0488,%,demo,2026-03-18
2026-03-19,rate.ust_2y,4.0124,%,demo,2026-03-19
2026-03-20,rate.ust_2y,3.9968,%,demo,2026-03-20
2026-03-23,rate.ust_2y,3.947,%,demo,2026-03-23
2026-03-24,rate.ust_2y,3.9787,%,demo,2026-03-24
2026-03-25,rate.ust_2y,3.9111,%,demo,2026-03-25
2026-03-26,rate.ust_2y,3.9321,%,demo,2026-03-26
2026-03-27,rate.ust_2y,3.9711,%,demo,2026-03-27
2026-03-30,rate.ust_2y,4.0169,%,demo,2026-03-30
2026-03-31,rate.ust_2y,3.9617,%,demo,2026-03-31
2026-04-01,rate.ust_2y,3.9961,%,demo,2026-04-01
2026-04-02,rate.ust_2y,3.9531,%,demo,2026-04-02
2026-04-03,rate.ust_2y,3.9149,%,demo,2026-04-03
2026-04-06,rate.ust_2y,3.8597,%,demo,2026-04-06
2026-04-07,rate.ust_2y,3.912,%,demo,2026-04-07
2026-04-08,rate.ust_2y,3.9761,%,demo,2026-04-08
2026-04-09,rate.ust_2y,3.9409,%,demo,2026-04-09
2026-04-10,rate.ust_2y,3.9044,%,demo,2026-04-10
2026-04-13,rate.ust_2y,3.8902,%,demo,2026-04-13
2026-04-14,rate.ust_2y,3.992,%,demo,2026-04-14
2026-04-15,rate.ust_2y,4.0183,%,demo,2026-04-15
2026-04-16,rate.ust_2y,3.9789,%,demo,2026-04-16
2026-04-17,rate.ust_2y,3.8953,%,demo,2026-04-17
2026-04-20,rate.ust_2y,3.8691,%,demo,2026-04-20
2026-04-21,rate.ust_2y,3.9212,%,demo,2026-04-21
2026-04-22,rate.ust_2y,3.9927,%,demo,2026-04-22
2026-04-23,rate.ust_2y,3.9682,%,demo,2026-04-23
2026-04-24,rate.ust_2y,3.9303,%,demo,2026-04-24
2026-04-27,rate.ust_2y,3.9053,%,demo,2026-04-27
2026-04-28,rate.ust_2y,3.8291,%,demo,2026-04-28
2026-04-29,rate.ust_2y,3.8761,%,demo,2026-04-29
2026-04-30,rate.ust_2y,3.8362,%,demo,2026-04-30
2026-05-01,rate.ust_2y,3.8883,%,demo,2026-05-01
2026-05-04,rate.ust_2y,3.8218,%,demo,2026-05-04
2026-05-05,rate.ust_2y,3.7827,%,demo,2026-05-05
2026-05-06,rate.ust_2y,3.8118,%,demo,2026-05-06
2026-05-07,rate.ust_2y,3.7945,%,demo,2026-05-07
2026-05-08,rate.ust_2y,3.8416,%,demo,2026-05-08
2026-05-11,rate.ust_2y,3.8507,%,demo,2026-05-11
2026-05-12,rate.ust_2y,3.8111,%,demo,2026-05-12
2026-05-13,rate.ust_2y,3.8493,%,demo,2026-05-13
2026-05-14,rate.ust_2y,3.8906,%,demo,2026-05-14
2026-05-15,rate.ust_2y,3.8155,%,demo,2026-05-15
2026-05-18,rate.ust_2y,3.9012,%,demo,2026-05-18
2026-05-19,rate.ust_2y,3.9209,%,demo,2026-05-19
2026-05-20,rate.ust_2y,3.9482,%,demo,2026-05-20
2026-05-21,rate.ust_2y,3.8666,%,demo,2026-05-21
2026-05-22,rate.ust_2y,3.8428,%,demo,2026-05-22
2026-05-25,rate.ust_2y,3.8374,%,demo,2026-05-25
2026-05-26,rate.ust_2y,3.8899,%,demo,2026-05-26
2026-05-27,rate.ust_2y,3.833,%,demo,2026-05-27
2026-05-28,rate.ust_2y,3.8077,%,demo,2026-05-28
2026-05-29,rate.ust_2y,3.7404,%,demo,2026-05-29
2026-06-01,rate.ust_2y,3.7547,%,demo,2026-06-01
2026-06-02,rate.ust_2y,3.7903,%,demo,2026-06-02
2026-06-03,rate.ust_2y,3.7393,%,demo,2026-06-03
2026-06-04,rate.ust_2y,3.7398,%,demo,2026-06-04
2026-06-05,rate.ust_2y,3.7842,%,demo,2026-06-05
2026-06-08,rate.ust_2y,3.865,%,demo,2026-06-08
2026-06-09,rate.ust_2y,3.8968,%,demo,2026-06-09
2026-06-10,rate.ust_2y,3.8851,%,demo,2026-06-10
2026-06-11,rate.ust_2y,3.8403,%,demo,2026-06-11
2026-06-12,rate.ust_2y,3.8118,%,demo,2026-06-12
2026-06-15,rate.ust_2y,3.7984,%,demo,2026-06-15
2026-06-16,rate.ust_2y,3.8195,%,demo,2026-06-16
2026-06-17,rate.ust_2y,3.8296,%,demo,2026-06-17
2026-06-18,rate.ust_2y,3.9069,%,demo,2026-06-18
2026-06-19,rate.ust_2y,3.9173,%,demo,2026-06-19
2026-06-22,rate.ust_2y,3.8719,%,demo,2026-06-22
2026-06-23,rate.ust_2y,3.9378,%,demo,2026-06-23
2026-06-24,rate.ust_2y,3.9701,%,demo,2026-06-24
2026-06-25,rate.ust_2y,3.9637,%,demo,2026-06-25
2026-06-26,rate.ust_2y,3.9253,%,demo,2026-06-26
2026-06-29,rate.ust_2y,3.8466,%,demo,2026-06-29
2026-06-30,rate.ust_2y,3.8138,%,demo,2026-06-30
2026-02-25,rate.ust_30y,4.514,%,demo,2026-02-25
2026-02-26,rate.ust_30y,4.5674,%,demo,2026-02-26
2026-02-27,rate.ust_30y,4.5068,%,demo,2026-02-27
2026-03-02,rate.ust_30y,4.4612,%,demo,2026-03-02
2026-03-03,rate.ust_30y,4.4954,%,demo,2026-03-03
2026-03-04,rate.ust_30y,4.4601,%,demo,2026-03-04
2026-03-05,rate.ust_30y,4.4689,%,demo,2026-03-05
2026-03-06,rate.ust_30y,4.4153,%,demo,2026-03-06
2026-03-09,rate.ust_30y,4.4382,%,demo,2026-03-09
2026-03-10,rate.ust_30y,4.4097,%,demo,2026-03-10
2026-03-11,rate.ust_30y,4.4444,%,demo,2026-03-11
2026-03-12,rate.ust_30y,4.3989,%,demo,2026-03-12
2026-03-13,rate.ust_30y,4.4395,%,demo,2026-03-13
2026-03-16,rate.ust_30y,4.4455,%,demo,2026-03-16
2026-03-17,rate.ust_30y,4.4637,%,demo,2026-03-17
2026-03-18,rate.ust_30y,4.4739,%,demo,2026-03-18
2026-03-19,rate.ust_30y,4.4906,%,demo,2026-03-19
2026-03-20,rate.ust_30y,4.4466,%,demo,2026-03-20
2026-03-23,rate.ust_30y,4.3595,%,demo,2026-03-23
2026-03-24,rate.ust_30y,4.3895,%,demo,2026-03-24
2026-03-25,rate.ust_30y,4.3761,%,demo,2026-03-25
2026-03-26,rate.ust_30y,4.384,%,demo,2026-03-26
2026-03-27,rate.ust_30y,4.426,%,demo,2026-03-27
2026-03-30,rate.ust_30y,4.3652,%,demo,2026-03-30
2026-03-31,rate.ust_30y,4.3624,%,demo,2026-03-31
2026-04-01,rate.ust_30y,4.3661,%,demo,2026-04-01
2026-04-02,rate.ust_30y,4.3514,%,demo,2026-04-02
2026-04-03,rate.ust_30y,4.3943,%,demo,2026-04-03
2026-04-06,rate.ust_30y,4.412,%,demo,2026-04-06
2026-04-07,rate.ust_30y,4.3999,%,demo,2026-04-07
2026-04-08,rate.ust_30y,4.383,%,demo,2026-04-08
2026-04-09,rate.ust_30y,4.4404,%,demo,2026-04-09
2026-04-10,rate.ust_30y,4.4304,%,demo,2026-04-10
2026-04-13,rate.ust_30y,4.4718,%,demo,2026-04-13
2026-04-14,rate.ust_30y,4.5015,%,demo,2026-04-14
2026-04-15,rate.ust_30y,4.433,%,demo,2026-04-15
2026-04-16,rate.ust_30y,4.4072,%,demo,2026-04-16
2026-04-17,rate.ust_30y,4.4288,%,demo,2026-04-17
2026-04-20,rate.ust_30y,4.4606,%,demo,2026-04-20
2026-04-21,rate.ust_30y,4.5052,%,demo,2026-04-21
2026-04-22,rate.ust_30y,4.544,%,demo,2026-04-22
2026-04-23,rate.ust_30y,4.5863,%,demo,2026-04-23
2026-04-24,rate.ust_30y,4.5659,%,demo,2026-04-24
2026-04-27,rate.ust_30y,4.5551,%,demo,2026-04-27
2026-04-28,rate.ust_30y,4.5854,%,demo,2026-04-28
2026-04-29,rate.ust_30y,4.563,%,demo,2026-04-29
2026-04-30,rate.ust_30y,4.6033,%,demo,2026-04-30
2026-05-01,rate.ust_30y,4.5318,%,demo,2026-05-01
2026-05-04,rate.ust_30y,4.5607,%,demo,2026-05-04
2026-05-05,rate.ust_30y,4.5521,%,demo,2026-05-05
2026-05-06,rate.ust_30y,4.4731,%,demo,2026-05-06
2026-05-07,rate.ust_30y,4.5239,%,demo,2026-05-07
2026-05-08,rate.ust_30y,4.5402,%,demo,2026-05-08
2026-05-11,rate.ust_30y,4.5425,%,demo,2026-05-11
2026-05-12,rate.ust_30y,4.5006,%,demo,2026-05-12
2026-05-13,rate.ust_30y,4.4894,%,demo,2026-05-13
2026-05-14,rate.ust_30y,4.5589,%,demo,2026-05-14
2026-05-15,rate.ust_30y,4.5245,%,demo,2026-05-15
2026-05-18,rate.ust_30y,4.3895,%,demo,2026-05-18
2026-05-19,rate.ust_30y,4.3793,%,demo,2026-05-19
2026-05-20,rate.ust_30y,4.3569,%,demo,2026-05-20
2026-05-21,rate.ust_30y,4.3806,%,demo,2026-05-21
2026-05-22,rate.ust_30y,4.3903,%,demo,2026-05-22
2026-05-25,rate.ust_30y,4.3777,%,demo,2026-05-25
2026-05-26,rate.ust_30y,4.3699,%,demo,2026-05-26
2026-05-27,rate.ust_30y,4.4388,%,demo,2026-05-27
2026-05-28,rate.ust_30y,4.3978,%,demo,2026-05-28
2026-05-29,rate.ust_30y,4.4989,%,demo,2026-05-29
2026-06-01,rate.ust_30y,4.4848,%,demo,2026-06-01
2026-06-02,rate.ust_30y,4.4509,%,demo,2026-06-02
2026-06-03,rate.ust_30y,4.4972,%,demo,2026-06-03
2026-06-04,rate.ust_30y,4.5277,%,demo,2026-06-04
2026-06-05,rate.ust_30y,4.4893,%,demo,2026-06-05
2026-06-08,rate.ust_30y,4.5284,%,demo,2026-06-08
2026-06-09,rate.ust_30y,4.458,%,demo,2026-06-09
2026-06-10,rate.ust_30y,4.4349,%,demo,2026-06-10
2026-06-11,rate.ust_30y,4.4972,%,demo,2026-06-11
2026-06-12,rate.ust_30y,4.4949,%,demo,2026-06-12
2026-06-15,rate.ust_30y,4.4511,%,demo,2026-06-15
2026-06-16,rate.ust_30y,4.4865,%,demo,2026-06-16
2026-06-17,rate.ust_30y,4.5327,%,demo,2026-06-17
2026-06-18,rate.ust_30y,4.5344,%,demo,2026-06-18
2026-06-19,rate.ust_30y,4.4645,%,demo,2026-06-19
2026-06-22,rate.ust_30y,4.4634,%,demo,2026-06-22
2026-06-23,rate.ust_30y,4.4931,%,demo,2026-06-23
2026-06-24,rate.ust_30y,4.5324,%,demo,2026-06-24
2026-06-25,rate.ust_30y,4.6092,%,demo,2026-06-25
2026-06-26,rate.ust_30y,4.5902,%,demo,2026-06-26
2026-06-29,rate.ust_30y,4.5649,%,demo,2026-06-29
2026-06-30,rate.ust_30y,4.5611,%,demo,2026-06-30
2026-02-25,rate.ust_3m,4.2982,%,demo,2026-02-25
2026-02-26,rate.ust_3m,4.2885,%,demo,2026-02-26
2026-02-27,rate.ust_3m,4.3003,%,demo,2026-02-27
2026-03-02,rate.ust_3m,4.2751,%,demo,2026-03-02
2026-03-03,rate.ust_3m,4.3116,%,demo,2026-03-03
2026-03-04,rate.ust_3m,4.2596,%,demo,2026-03-04
2026-03-05,rate.ust_3m,4.2604,%,demo,2026-03-05
2026-03-06,rate.ust_3m,4.2665,%,demo,2026-03-06
2026-03-09,rate.ust_3m,4.3004,%,demo,2026-03-09
2026-03-10,rate.ust_3m,4.2821,%,demo,2026-03-10
2026-03-11,rate.ust_3m,4.3012,%,demo,2026-03-11
2026-03-12,rate.ust_3m,4.284,%,demo,2026-03-12
2026-03-13,rate.ust_3m,4.3085,%,demo,2026-03-13
2026-03-16,rate.ust_3m,4.3594,%,demo,2026-03-16
2026-03-17,rate.ust_3m,4.3384,%,demo,2026-03-17
2026-03-18,rate.ust_3m,4.346,%,demo,2026-03-18
2026-03-19,rate.ust_3m,4.3112,%,demo,2026-03-19
2026-03-20,rate.ust_3m,4.3388,%,demo,2026-03-20
2026-03-23,rate.ust_3m,4.3693,%,demo,2026-03-23
2026-03-24,rate.ust_3m,4.3599,%,demo,2026-03-24
2026-03-25,rate.ust_3m,4.3169,%,demo,2026-03-25
2026-03-26,rate.ust_3m,4.3264,%,demo,2026-03-26
2026-03-27,rate.ust_3m,4.3569,%,demo,2026-03-27
2026-03-30,rate.ust_3m,4.3811,%,demo,2026-03-30
2026-03-31,rate.ust_3m,4.3933,%,demo,2026-03-31
2026-04-01,rate.ust_3m,4.3244,%,demo,2026-04-01
2026-04-02,rate.ust_3m,4.3004,%,demo,2026-04-02
2026-04-03,rate.ust_3m,4.343,%,demo,2026-04-03
2026-04-06,rate.ust_3m,4.2997,%,demo,2026-04-06
2026-04-07,rate.ust_3m,4.3337,%,demo,2026-04-07
2026-04-08,rate.ust_3m,4.3851,%,demo,2026-04-08
2026-04-09,rate.ust_3m,4.3952,%,demo,2026-04-09
2026-04-10,rate.ust_3m,4.4145,%,demo,2026-04-10
2026-04-13,rate.ust_3m,4.3874,%,demo,2026-04-13
2026-04-14,rate.ust_3m,4.3375,%,demo,2026-04-14
2026-04-15,rate.ust_3m,4.3288,%,demo,2026-04-15
2026-04-16,rate.ust_3m,4.3185,%,demo,2026-04-16
2026-04-17,rate.ust_3m,4.3143,%,demo,2026-04-17
2026-04-20,rate.ust_3m,4.3331,%,demo,2026-04-20
2026-04-21,rate.ust_3m,4.3238,%,demo,2026-04-21
2026-04-22,rate.ust_3m,4.326,%,demo,2026-04-22
2026-04-23,rate.ust_3m,4.3348,%,demo,2026-04-23
2026-04-24,rate.ust_3m,4.3294,%,demo,2026-04-24
2026-04-27,rate.ust_3m,4.3803,%,demo,2026-04-27
2026-04-28,rate.ust_3m,4.3815,%,demo,2026-04-28
2026-04-29,rate.ust_3m,4.3718,%,demo,2026-04-29
2026-04-30,rate.ust_3m,4.3548,%,demo,2026-04-30
2026-05-01,rate.ust_3m,4.3279,%,demo,2026-05-01
2026-05-04,rate.ust_3m,4.364,%,demo,2026-05-04
2026-05-05,rate.ust_3m,4.3589,%,demo,2026-05-05
2026-05-06,rate.ust_3m,4.3177,%,demo,2026-05-06
2026-05-07,rate.ust_3m,4.2982,%,demo,2026-05-07
2026-05-08,rate.ust_3m,4.2944,%,demo,2026-05-08
2026-05-11,rate.ust_3m,4.2818,%,demo,2026-05-11
2026-05-12,rate.ust_3m,4.3171,%,demo,2026-05-12
2026-05-13,rate.ust_3m,4.2797,%,demo,2026-05-13
2026-05-14,rate.ust_3m,4.2975,%,demo,2026-05-14
2026-05-15,rate.ust_3m,4.3022,%,demo,2026-05-15
2026-05-18,rate.ust_3m,4.2665,%,demo,2026-05-18
2026-05-19,rate.ust_3m,4.273,%,demo,2026-05-19
2026-05-20,rate.ust_3m,4.2742,%,demo,2026-05-20
2026-05-21,rate.ust_3m,4.2931,%,demo,2026-05-21
2026-05-22,rate.ust_3m,4.2806,%,demo,2026-05-22
2026-05-25,rate.ust_3m,4.2926,%,demo,2026-05-25
2026-05-26,rate.ust_3m,4.2438,%,demo,2026-05-26
2026-05-27,rate.ust_3m,4.2197,%,demo,2026-05-27
2026-05-28,rate.ust_3m,4.2553,%,demo,2026-05-28
2026-05-29,rate.ust_3m,4.2932,%,demo,2026-05-29
2026-06-01,rate.ust_3m,4.2939,%,demo,2026-06-01
2026-06-02,rate.ust_3m,4.2768,%,demo,2026-06-02
2026-06-03,rate.ust_3m,4.3128,%,demo,2026-06-03
2026-06-04,rate.ust_3m,4.2481,%,demo,2026-06-04
2026-06-05,rate.ust_3m,4.2319,%,demo,2026-06-05
2026-06-08,rate.ust_3m,4.2623,%,demo,2026-06-08
2026-06-09,rate.ust_3m,4.2875,%,demo,2026-06-09
2026-06-10,rate.ust_3m,4.2584,%,demo,2026-06-10
2026-06-11,rate.ust_3m,4.208,%,demo,2026-06-11
2026-06-12,rate.ust_3m,4.2654,%,demo,2026-06-12
2026-06-15,rate.ust_3m,4.2752,%,demo,2026-06-15
2026-06-16,rate.ust_3m,4.252,%,demo,2026-06-16
2026-06-17,rate.ust_3m,4.2608,%,demo,2026-06-17
2026-06-18,rate.ust_3m,4.2938,%,demo,2026-06-18
2026-06-19,rate.ust_3m,4.217,%,demo,2026-06-19
2026-06-22,rate.ust_3m,4.2627,%,demo,2026-06-22
2026-06-23,rate.ust_3m,4.2905,%,demo,2026-06-23
2026-06-24,rate.ust_3m,4.2295,%,demo,2026-06-24
2026-06-25,rate.ust_3m,4.2632,%,demo,2026-06-25
2026-06-26,rate.ust_3m,4.2153,%,demo,2026-06-26
2026-06-29,rate.ust_3m,4.2622,%,demo,2026-06-29
2026-06-30,rate.ust_3m,4.2798,%,demo,2026-06-30
2026-02-25,rate.ust_5y,4.1401,%,demo,2026-02-25
2026-02-26,rate.ust_5y,4.1022,%,demo,2026-02-26
2026-02-27,rate.ust_5y,4.0945,%,demo,2026-02-27
2026-03-02,rate.ust_5y,4.1297,%,demo,2026-03-02
2026-03-03,rate.ust_5y,4.0922,%,demo,2026-03-03
2026-03-04,rate.ust_5y,4.0577,%,demo,2026-03-04
2026-03-05,rate.ust_5y,4.0416,%,demo,2026-03-05
2026-03-06,rate.ust_5y,4.04,%,demo,2026-03-06
2026-03-09,rate.ust_5y,3.9982,%,demo,2026-03-09
2026-03-10,rate.ust_5y,4.0253,%,demo,2026-03-10
2026-03-11,rate.ust_5y,4.0508,%,demo,2026-03-11
2026-03-12,rate.ust_5y,4.0535,%,demo,2026-03-12
2026-03-13,rate.ust_5y,4.121,%,demo,2026-03-13
2026-03-16,rate.ust_5y,4.0972,%,demo,2026-03-16
2026-03-17,rate.ust_5y,4.1424,%,demo,2026-03-17
2026-03-18,rate.ust_5y,4.1067,%,demo,2026-03-18
2026-03-19,rate.ust_5y,4.1284,%,demo,2026-03-19
2026-03-20,rate.ust_5y,4.0393,%,demo,2026-03-20
2026-03-23,rate.ust_5y,4.0488,%,demo,2026-03-23
2026-03-24,rate.ust_5y,4.042,%,demo,2026-03-24
2026-03-25,rate.ust_5y,4.0234,%,demo,2026-03-25
2026-03-26,rate.ust_5y,4.0029,%,demo,2026-03-26
2026-03-27,rate.ust_5y,3.9961,%,demo,2026-03-27
2026-03-30,rate.ust_5y,3.9754,%,demo,2026-03-30
2026-03-31,rate.ust_5y,3.8989,%,demo,2026-03-31
2026-04-01,rate.ust_5y,3.8977,%,demo,2026-04-01
2026-04-02,rate.ust_5y,3.8986,%,demo,2026-04-02
2026-04-03,rate.ust_5y,3.9003,%,demo,2026-04-03
2026-04-06,rate.ust_5y,3.8804,%,demo,2026-04-06
2026-04-07,rate.ust_5y,3.9004,%,demo,2026-04-07
2026-04-08,rate.ust_5y,3.9543,%,demo,2026-04-08
2026-04-09,rate.ust_5y,3.9586,%,demo,2026-04-09
2026-04-10,rate.ust_5y,3.9526,%,demo,2026-04-10
2026-04-13,rate.ust_5y,4.0215,%,demo,2026-04-13
2026-04-14,rate.ust_5y,4.0649,%,demo,2026-04-14
2026-04-15,rate.ust_5y,4.0995,%,demo,2026-04-15
2026-04-16,rate.ust_5y,4.1383,%,demo,2026-04-16
2026-04-17,rate.ust_5y,4.112,%,demo,2026-04-17
2026-04-20,rate.ust_5y,4.0975,%,demo,2026-04-20
2026-04-21,rate.ust_5y,4.1349,%,demo,2026-04-21
2026-04-22,rate.ust_5y,4.1,%,demo,2026-04-22
2026-04-23,rate.ust_5y,4.0877,%,demo,2026-04-23
2026-04-24,rate.ust_5y,4.0972,%,demo,2026-04-24
2026-04-27,rate.ust_5y,4.105,%,demo,2026-04-27
2026-04-28,rate.ust_5y,4.0857,%,demo,2026-04-28
2026-04-29,rate.ust_5y,4.1197,%,demo,2026-04-29
2026-04-30,rate.ust_5y,4.1021,%,demo,2026-04-30
2026-05-01,rate.ust_5y,4.1233,%,demo,2026-05-01
2026-05-04,rate.ust_5y,4.1551,%,demo,2026-05-04
2026-05-05,rate.ust_5y,4.1657,%,demo,2026-05-05
2026-05-06,rate.ust_5y,4.1777,%,demo,2026-05-06
2026-05-07,rate.ust_5y,4.1122,%,demo,2026-05-07
2026-05-08,rate.ust_5y,4.0504,%,demo,2026-05-08
2026-05-11,rate.ust_5y,4.0256,%,demo,2026-05-11
2026-05-12,rate.ust_5y,4.0483,%,demo,2026-05-12
2026-05-13,rate.ust_5y,4.1086,%,demo,2026-05-13
2026-05-14,rate.ust_5y,4.0509,%,demo,2026-05-14
2026-05-15,rate.ust_5y,4.063,%,demo,2026-05-15
2026-05-18,rate.ust_5y,4.0269,%,demo,2026-05-18
2026-05-19,rate.ust_5y,4.0011,%,demo,2026-05-19
2026-05-20,rate.ust_5y,3.9973,%,demo,2026-05-20
2026-05-21,rate.ust_5y,4.0329,%,demo,2026-05-21
2026-05-22,rate.ust_5y,4.044,%,demo,2026-05-22
2026-05-25,rate.ust_5y,4.0921,%,demo,2026-05-25
2026-05-26,rate.ust_5y,4.0463,%,demo,2026-05-26
2026-05-27,rate.ust_5y,4.0825,%,demo,2026-05-27
2026-05-28,rate.ust_5y,4.1148,%,demo,2026-05-28
2026-05-29,rate.ust_5y,4.1079,%,demo,2026-05-29
2026-06-01,rate.ust_5y,4.1183,%,demo,2026-06-01
2026-06-02,rate.ust_5y,4.0855,%,demo,2026-06-02
2026-06-03,rate.ust_5y,4.0366,%,demo,2026-06-03
2026-06-04,rate.ust_5y,4.0224,%,demo,2026-06-04
2026-06-05,rate.ust_5y,4.0008,%,demo,2026-06-05
2026-06-08,rate.ust_5y,4.1238,%,demo,2026-06-08
2026-06-09,rate.ust_5y,4.0933,%,demo,2026-06-09
2026-06-10,rate.ust_5y,4.1528,%,demo,2026-06-10
2026-06-11,rate.ust_5y,4.1455,%,demo,2026-06-11
2026-06-12,rate.ust_5y,4.1437,%,demo,2026-06-12
2026-06-15,rate.ust_5y,4.1593,%,demo,2026-06-15
2026-06-16,rate.ust_5y,4.1118,%,demo,2026-06-16
2026-06-17,rate.ust_5y,4.1392,%,demo,2026-06-17
2026-06-18,rate.ust_5y,4.1409,%,demo,2026-06-18
2026-06-19,rate.ust_5y,4.0666,%,demo,2026-06-19
2026-06-22,rate.ust_5y,4.0882,%,demo,2026-06-22
2026-06-23,rate.ust_5y,4.1045,%,demo,2026-06-23
2026-06-24,rate.ust_5y,4.1145,%,demo,2026-06-24
2026-06-25,rate.ust_5y,4.1682,%,demo,2026-06-25
2026-06-26,rate.ust_5y,4.1339,%,demo,2026-06-26
2026-06-29,rate.ust_5y,4.1418,%,demo,2026-06-29
2026-06-30,rate.ust_5y,4.1579,%,demo,2026-06-30
2026-02-25,vol.vix,15.3891,index,demo,2026-02-25
2026-02-26,vol.vix,15.8945,index,demo,2026-02-26
2026-02-27,vol.vix,16.4353,index,demo,2026-02-27
2026-03-02,vol.vix,16.7289,index,demo,2026-03-02
2026-03-03,vol.vix,16.828,index,demo,2026-03-03
2026-03-04,vol.vix,15.5218,index,demo,2026-03-04
2026-03-05,vol.vix,15.0741,index,demo,2026-03-05
2026-03-06,vol.vix,15.1759,index,demo,2026-03-06
2026-03-09,vol.vix,12.7217,index,demo,2026-03-09
2026-03-10,vol.vix,14.9333,index,demo,2026-03-10
2026-03-11,vol.vix,14.6104,index,demo,2026-03-11
2026-03-12,vol.vix,13.7438,index,demo,2026-03-12
2026-03-13,vol.vix,12.3367,index,demo,2026-03-13
2026-03-16,vol.vix,12.9547,index,demo,2026-03-16
2026-03-17,vol.vix,13.2898,index,demo,2026-03-17
2026-03-18,vol.vix,13.0343,index,demo,2026-03-18
2026-03-19,vol.vix,12.9636,index,demo,2026-03-19
2026-03-20,vol.vix,12.4899,index,demo,2026-03-20
2026-03-23,vol.vix,12.2091,index,demo,2026-03-23
2026-03-24,vol.vix,12.5418,index,demo,2026-03-24
2026-03-25,vol.vix,12.3459,index,demo,2026-03-25
2026-03-26,vol.vix,13.3394,index,demo,2026-03-26
2026-03-27,vol.vix,13.4635,index,demo,2026-03-27
2026-03-30,vol.vix,13.8097,index,demo,2026-03-30
2026-03-31,vol.vix,14.3439,index,demo,2026-03-31
2026-04-01,vol.vix,15.5571,index,demo,2026-04-01
2026-04-02,vol.vix,16.0011,index,demo,2026-04-02
2026-04-03,vol.vix,16.0512,index,demo,2026-04-03
2026-04-06,vol.vix,15.7503,index,demo,2026-04-06
2026-04-07,vol.vix,14.9309,index,demo,2026-04-07
2026-04-08,vol.vix,14.641,index,demo,2026-04-08
2026-04-09,vol.vix,15.2934,index,demo,2026-04-09
2026-04-10,vol.vix,15.4481,index,demo,2026-04-10
2026-04-13,vol.vix,15.0407,index,demo,2026-04-13
2026-04-14,vol.vix,13.8664,index,demo,2026-04-14
2026-04-15,vol.vix,12.692,index,demo,2026-04-15
2026-04-16,vol.vix,13.3204,index,demo,2026-04-16
2026-04-17,vol.vix,14.4732,index,demo,2026-04-17
2026-04-20,vol.vix,14.8803,index,demo,2026-04-20
2026-04-21,vol.vix,13.6937,index,demo,2026-04-21
2026-04-22,vol.vix,13.7031,index,demo,2026-04-22
2026-04-23,vol.vix,14.0923,index,demo,2026-04-23
2026-04-24,vol.vix,13.423,index,demo,2026-04-24
2026-04-27,vol.vix,13.9637,index,demo,2026-04-27
2026-04-28,vol.vix,13.9436,index,demo,2026-04-28
2026-04-29,vol.vix,13.3699,index,demo,2026-04-29
2026-04-30,vol.vix,12.5252,index,demo,2026-04-30
2026-05-01,vol.vix,13.6078,index,demo,2026-05-01
2026-05-04,vol.vix,14.1295,index,demo,2026-05-04
2026-05-05,vol.vix,13.4817,index,demo,2026-05-05
2026-05-06,vol.vix,12.82,index,demo,2026-05-06
2026-05-07,vol.vix,13.9276,index,demo,2026-05-07
2026-05-08,vol.vix,14.6112,index,demo,2026-05-08
2026-05-11,vol.vix,14.4024,index,demo,2026-05-11
2026-05-12,vol.vix,15.889,index,demo,2026-05-12
2026-05-13,vol.vix,15.5017,index,demo,2026-05-13
2026-05-14,vol.vix,14.5002,index,demo,2026-05-14
2026-05-15,vol.vix,15.5327,index,demo,2026-05-15
2026-05-18,vol.vix,15.2877,index,demo,2026-05-18
2026-05-19,vol.vix,15.5473,index,demo,2026-05-19
2026-05-20,vol.vix,15.4986,index,demo,2026-05-20
2026-05-21,vol.vix,14.5453,index,demo,2026-05-21
2026-05-22,vol.vix,13.5729,index,demo,2026-05-22
2026-05-25,vol.vix,13.6166,index,demo,2026-05-25
2026-05-26,vol.vix,15.0563,index,demo,2026-05-26
2026-05-27,vol.vix,14.1681,index,demo,2026-05-27
2026-05-28,vol.vix,15.4837,index,demo,2026-05-28
2026-05-29,vol.vix,15.6043,index,demo,2026-05-29
2026-06-01,vol.vix,14.5389,index,demo,2026-06-01
2026-06-02,vol.vix,14.8418,index,demo,2026-06-02
2026-06-03,vol.vix,15.3627,index,demo,2026-06-03
2026-06-04,vol.vix,14.5203,index,demo,2026-06-04
2026-06-05,vol.vix,12.7259,index,demo,2026-06-05
2026-06-08,vol.vix,13.3794,index,demo,2026-06-08
2026-06-09,vol.vix,12.65,index,demo,2026-06-09
2026-06-10,vol.vix,13.3887,index,demo,2026-06-10
2026-06-11,vol.vix,11.9555,index,demo,2026-06-11
2026-06-12,vol.vix,12.2879,index,demo,2026-06-12
2026-06-15,vol.vix,11.9857,index,demo,2026-06-15
2026-06-16,vol.vix,11.1408,index,demo,2026-06-16
2026-06-17,vol.vix,11.5085,index,demo,2026-06-17
2026-06-18,vol.vix,12.1823,index,demo,2026-06-18
2026-06-19,vol.vix,12.117,index,demo,2026-06-19
2026-06-22,vol.vix,11.5153,index,demo,2026-06-22
2026-06-23,vol.vix,12.224,index,demo,2026-06-23
2026-06-24,vol.vix,11.1089,index,demo,2026-06-24
2026-06-25,vol.vix,12.161,index,demo,2026-06-25
2026-06-26,vol.vix,13.0164,index,demo,2026-06-26
2026-06-29,vol.vix,14.7827,index,demo,2026-06-29
2026-06-30,vol.vix,15.5887,index,demo,2026-06-30
2026-02-25,wx.de_frankfurt.cdd,0.0,degC-day,demo,2026-02-25
2026-02-26,wx.de_frankfurt.cdd,0.0,degC-day,demo,2026-02-26
2026-02-27,wx.de_frankfurt.cdd,0.0,degC-day,demo,2026-02-27
2026-03-02,wx.de_frankfurt.cdd,0.0,degC-day,demo,2026-03-02
2026-03-03,wx.de_frankfurt.cdd,0.0,degC-day,demo,2026-03-03
2026-03-04,wx.de_frankfurt.cdd,0.0,degC-day,demo,2026-03-04
2026-03-05,wx.de_frankfurt.cdd,0.0,degC-day,demo,2026-03-05
2026-03-06,wx.de_frankfurt.cdd,0.0,degC-day,demo,2026-03-06
2026-03-09,wx.de_frankfurt.cdd,0.0,degC-day,demo,2026-03-09
2026-03-10,wx.de_frankfurt.cdd,0.0,degC-day,demo,2026-03-10
2026-03-11,wx.de_frankfurt.cdd,0.0,degC-day,demo,2026-03-11
2026-03-12,wx.de_frankfurt.cdd,0.0,degC-day,demo,2026-03-12
2026-03-13,wx.de_frankfurt.cdd,0.0,degC-day,demo,2026-03-13
2026-03-16,wx.de_frankfurt.cdd,0.0,degC-day,demo,2026-03-16
2026-03-17,wx.de_frankfurt.cdd,0.0,degC-day,demo,2026-03-17
2026-03-18,wx.de_frankfurt.cdd,0.0,degC-day,demo,2026-03-18
2026-03-19,wx.de_frankfurt.cdd,0.0,degC-day,demo,2026-03-19
2026-03-20,wx.de_frankfurt.cdd,0.0,degC-day,demo,2026-03-20
2026-03-23,wx.de_frankfurt.cdd,0.0,degC-day,demo,2026-03-23
2026-03-24,wx.de_frankfurt.cdd,0.0,degC-day,demo,2026-03-24
2026-03-25,wx.de_frankfurt.cdd,0.0,degC-day,demo,2026-03-25
2026-03-26,wx.de_frankfurt.cdd,0.0,degC-day,demo,2026-03-26
2026-03-27,wx.de_frankfurt.cdd,0.0,degC-day,demo,2026-03-27
2026-03-30,wx.de_frankfurt.cdd,0.0,degC-day,demo,2026-03-30
2026-03-31,wx.de_frankfurt.cdd,0.0,degC-day,demo,2026-03-31
2026-04-01,wx.de_frankfurt.cdd,0.0,degC-day,demo,2026-04-01
2026-04-02,wx.de_frankfurt.cdd,0.0,degC-day,demo,2026-04-02
2026-04-03,wx.de_frankfurt.cdd,0.0,degC-day,demo,2026-04-03
2026-04-06,wx.de_frankfurt.cdd,0.0,degC-day,demo,2026-04-06
2026-04-07,wx.de_frankfurt.cdd,0.0,degC-day,demo,2026-04-07
2026-04-08,wx.de_frankfurt.cdd,0.0,degC-day,demo,2026-04-08
2026-04-09,wx.de_frankfurt.cdd,0.0,degC-day,demo,2026-04-09
2026-04-10,wx.de_frankfurt.cdd,0.0,degC-day,demo,2026-04-10
2026-04-13,wx.de_frankfurt.cdd,0.0,degC-day,demo,2026-04-13
2026-04-14,wx.de_frankfurt.cdd,0.0,degC-day,demo,2026-04-14
2026-04-15,wx.de_frankfurt.cdd,0.0,degC-day,demo,2026-04-15
2026-04-16,wx.de_frankfurt.cdd,0.0,degC-day,demo,2026-04-16
2026-04-17,wx.de_frankfurt.cdd,0.0,degC-day,demo,2026-04-17
2026-04-20,wx.de_frankfurt.cdd,0.0,degC-day,demo,2026-04-20
2026-04-21,wx.de_frankfurt.cdd,0.0,degC-day,demo,2026-04-21
2026-04-22,wx.de_frankfurt.cdd,0.0,degC-day,demo,2026-04-22
2026-04-23,wx.de_frankfurt.cdd,0.0,degC-day,demo,2026-04-23
2026-04-24,wx.de_frankfurt.cdd,0.0,degC-day,demo,2026-04-24
2026-04-27,wx.de_frankfurt.cdd,0.0,degC-day,demo,2026-04-27
2026-04-28,wx.de_frankfurt.cdd,0.0,degC-day,demo,2026-04-28
2026-04-29,wx.de_frankfurt.cdd,0.0,degC-day,demo,2026-04-29
2026-04-30,wx.de_frankfurt.cdd,0.0,degC-day,demo,2026-04-30
2026-05-01,wx.de_frankfurt.cdd,0.0,degC-day,demo,2026-05-01
2026-05-04,wx.de_frankfurt.cdd,0.0,degC-day,demo,2026-05-04
2026-05-05,wx.de_frankfurt.cdd,0.0,degC-day,demo,2026-05-05
2026-05-06,wx.de_frankfurt.cdd,0.0,degC-day,demo,2026-05-06
2026-05-07,wx.de_frankfurt.cdd,0.0,degC-day,demo,2026-05-07
2026-05-08,wx.de_frankfurt.cdd,0.0,degC-day,demo,2026-05-08
2026-05-11,wx.de_frankfurt.cdd,0.0,degC-day,demo,2026-05-11
2026-05-12,wx.de_frankfurt.cdd,0.0,degC-day,demo,2026-05-12
2026-05-13,wx.de_frankfurt.cdd,0.0,degC-day,demo,2026-05-13
2026-05-14,wx.de_frankfurt.cdd,0.0,degC-day,demo,2026-05-14
2026-05-15,wx.de_frankfurt.cdd,0.0,degC-day,demo,2026-05-15
2026-05-18,wx.de_frankfurt.cdd,0.0,degC-day,demo,2026-05-18
2026-05-19,wx.de_frankfurt.cdd,0.0,degC-day,demo,2026-05-19
2026-05-20,wx.de_frankfurt.cdd,0.0,degC-day,demo,2026-05-20
2026-05-21,wx.de_frankfurt.cdd,0.0,degC-day,demo,2026-05-21
2026-05-22,wx.de_frankfurt.cdd,0.0,degC-day,demo,2026-05-22
2026-05-25,wx.de_frankfurt.cdd,0.0,degC-day,demo,2026-05-25
2026-05-26,wx.de_frankfurt.cdd,0.0,degC-day,demo,2026-05-26
2026-05-27,wx.de_frankfurt.cdd,0.0,degC-day,demo,2026-05-27
2026-05-28,wx.de_frankfurt.cdd,0.0,degC-day,demo,2026-05-28
2026-05-29,wx.de_frankfurt.cdd,0.0,degC-day,demo,2026-05-29
2026-06-01,wx.de_frankfurt.cdd,0.0,degC-day,demo,2026-06-01
2026-06-02,wx.de_frankfurt.cdd,0.0,degC-day,demo,2026-06-02
2026-06-03,wx.de_frankfurt.cdd,0.0,degC-day,demo,2026-06-03
2026-06-04,wx.de_frankfurt.cdd,0.0,degC-day,demo,2026-06-04
2026-06-05,wx.de_frankfurt.cdd,0.0,degC-day,demo,2026-06-05
2026-06-08,wx.de_frankfurt.cdd,0.0,degC-day,demo,2026-06-08
2026-06-09,wx.de_frankfurt.cdd,0.0,degC-day,demo,2026-06-09
2026-06-10,wx.de_frankfurt.cdd,0.0,degC-day,demo,2026-06-10
2026-06-11,wx.de_frankfurt.cdd,0.0,degC-day,demo,2026-06-11
2026-06-12,wx.de_frankfurt.cdd,0.0,degC-day,demo,2026-06-12
2026-06-15,wx.de_frankfurt.cdd,0.0,degC-day,demo,2026-06-15
2026-06-16,wx.de_frankfurt.cdd,0.0,degC-day,demo,2026-06-16
2026-06-17,wx.de_frankfurt.cdd,0.0,degC-day,demo,2026-06-17
2026-06-18,wx.de_frankfurt.cdd,0.0,degC-day,demo,2026-06-18
2026-06-19,wx.de_frankfurt.cdd,0.0,degC-day,demo,2026-06-19
2026-06-22,wx.de_frankfurt.cdd,0.0,degC-day,demo,2026-06-22
2026-06-23,wx.de_frankfurt.cdd,0.0,degC-day,demo,2026-06-23
2026-06-24,wx.de_frankfurt.cdd,0.0,degC-day,demo,2026-06-24
2026-06-25,wx.de_frankfurt.cdd,0.0,degC-day,demo,2026-06-25
2026-06-26,wx.de_frankfurt.cdd,0.0,degC-day,demo,2026-06-26
2026-06-29,wx.de_frankfurt.cdd,0.0,degC-day,demo,2026-06-29
2026-06-30,wx.de_frankfurt.cdd,0.0,degC-day,demo,2026-06-30
2026-02-25,wx.de_frankfurt.hdd,5.990716586761689,degC-day,demo,2026-02-25
2026-02-26,wx.de_frankfurt.hdd,5.165831538392744,degC-day,demo,2026-02-26
2026-02-27,wx.de_frankfurt.hdd,3.5709671854200917,degC-day,demo,2026-02-27
2026-03-02,wx.de_frankfurt.hdd,4.747661624999433,degC-day,demo,2026-03-02
2026-03-03,wx.de_frankfurt.hdd,6.798399253756863,degC-day,demo,2026-03-03
2026-03-04,wx.de_frankfurt.hdd,0.8661756786871884,degC-day,demo,2026-03-04
2026-03-05,wx.de_frankfurt.hdd,1.0251745442594782,degC-day,demo,2026-03-05
2026-03-06,wx.de_frankfurt.hdd,7.059599800927023,degC-day,demo,2026-03-06
2026-03-09,wx.de_frankfurt.hdd,3.8953991717890872,degC-day,demo,2026-03-09
2026-03-10,wx.de_frankfurt.hdd,2.9761370828258347,degC-day,demo,2026-03-10
2026-03-11,wx.de_frankfurt.hdd,1.9310924985866933,degC-day,demo,2026-03-11
2026-03-12,wx.de_frankfurt.hdd,2.1671697991998187,degC-day,demo,2026-03-12
2026-03-13,wx.de_frankfurt.hdd,3.384390817917673,degC-day,demo,2026-03-13
2026-03-16,wx.de_frankfurt.hdd,4.37769424477289,degC-day,demo,2026-03-16
2026-03-17,wx.de_frankfurt.hdd,2.4796816366139414,degC-day,demo,2026-03-17
2026-03-18,wx.de_frankfurt.hdd,0.938304303427934,degC-day,demo,2026-03-18
2026-03-19,wx.de_frankfurt.hdd,3.995133592633689,degC-day,demo,2026-03-19
2026-03-20,wx.de_frankfurt.hdd,3.7923022681181062,degC-day,demo,2026-03-20
2026-03-23,wx.de_frankfurt.hdd,2.1983876158575466,degC-day,demo,2026-03-23
2026-03-24,wx.de_frankfurt.hdd,4.9971806474238925,degC-day,demo,2026-03-24
2026-03-25,wx.de_frankfurt.hdd,2.430833620585004,degC-day,demo,2026-03-25
2026-03-26,wx.de_frankfurt.hdd,2.664819366108592,degC-day,demo,2026-03-26
2026-03-27,wx.de_frankfurt.hdd,1.323857826646318,degC-day,demo,2026-03-27
2026-03-30,wx.de_frankfurt.hdd,3.063031255362036,degC-day,demo,2026-03-30
2026-03-31,wx.de_frankfurt.hdd,3.364289974650493,degC-day,demo,2026-03-31
2026-04-01,wx.de_frankfurt.hdd,2.683311499792337,degC-day,demo,2026-04-01
2026-04-02,wx.de_frankfurt.hdd,2.2377602970584363,degC-day,demo,2026-04-02
2026-04-03,wx.de_frankfurt.hdd,3.250274425077702,degC-day,demo,2026-04-03
2026-04-06,wx.de_frankfurt.hdd,2.344630949815345,degC-day,demo,2026-04-06
2026-04-07,wx.de_frankfurt.hdd,1.3655531315715734,degC-day,demo,2026-04-07
2026-04-08,wx.de_frankfurt.hdd,0.859171741281127,degC-day,demo,2026-04-08
2026-04-09,wx.de_frankfurt.hdd,0.242607551713256,degC-day,demo,2026-04-09
2026-04-10,wx.de_frankfurt.hdd,4.154639078184147,degC-day,demo,2026-04-10
2026-04-13,wx.de_frankfurt.hdd,3.803908045729793,degC-day,demo,2026-04-13
2026-04-14,wx.de_frankfurt.hdd,7.1078177557955655,degC-day,demo,2026-04-14
2026-04-15,wx.de_frankfurt.hdd,0.7571250732084351,degC-day,demo,2026-04-15
2026-04-16,wx.de_frankfurt.hdd,4.927985405566041,degC-day,demo,2026-04-16
2026-04-17,wx.de_frankfurt.hdd,4.136801670049128,degC-day,demo,2026-04-17
2026-04-20,wx.de_frankfurt.hdd,3.5584559185444693,degC-day,demo,2026-04-20
2026-04-21,wx.de_frankfurt.hdd,6.644171933097443,degC-day,demo,2026-04-21
2026-04-22,wx.de_frankfurt.hdd,4.181614285404875,degC-day,demo,2026-04-22
2026-04-23,wx.de_frankfurt.hdd,5.193931761046184,degC-day,demo,2026-04-23
2026-04-24,wx.de_frankfurt.hdd,8.174564508952784,degC-day,demo,2026-04-24
2026-04-27,wx.de_frankfurt.hdd,5.281565547245986,degC-day,demo,2026-04-27
2026-04-28,wx.de_frankfurt.hdd,4.213274010188085,degC-day,demo,2026-04-28
2026-04-29,wx.de_frankfurt.hdd,9.09221933397562,degC-day,demo,2026-04-29
2026-04-30,wx.de_frankfurt.hdd,5.363670745081791,degC-day,demo,2026-04-30
2026-05-01,wx.de_frankfurt.hdd,6.541717224035319,degC-day,demo,2026-05-01
2026-05-04,wx.de_frankfurt.hdd,6.419988946989584,degC-day,demo,2026-05-04
2026-05-05,wx.de_frankfurt.hdd,6.740867021799433,degC-day,demo,2026-05-05
2026-05-06,wx.de_frankfurt.hdd,5.710982530274412,degC-day,demo,2026-05-06
2026-05-07,wx.de_frankfurt.hdd,8.257611421990681,degC-day,demo,2026-05-07
2026-05-08,wx.de_frankfurt.hdd,6.857208439404248,degC-day,demo,2026-05-08
2026-05-11,wx.de_frankfurt.hdd,9.016857346763734,degC-day,demo,2026-05-11
2026-05-12,wx.de_frankfurt.hdd,7.532230944285096,degC-day,demo,2026-05-12
2026-05-13,wx.de_frankfurt.hdd,10.05386768030981,degC-day,demo,2026-05-13
2026-05-14,wx.de_frankfurt.hdd,9.189721024078237,degC-day,demo,2026-05-14
2026-05-15,wx.de_frankfurt.hdd,6.6095688995184005,degC-day,demo,2026-05-15
2026-05-18,wx.de_frankfurt.hdd,8.70018773944003,degC-day,demo,2026-05-18
2026-05-19,wx.de_frankfurt.hdd,9.75128401576954,degC-day,demo,2026-05-19
2026-05-20,wx.de_frankfurt.hdd,11.35860000147003,degC-day,demo,2026-05-20
2026-05-21,wx.de_frankfurt.hdd,10.935441646231386,degC-day,demo,2026-05-21
2026-05-22,wx.de_frankfurt.hdd,9.549504945355825,degC-day,demo,2026-05-22
2026-05-25,wx.de_frankfurt.hdd,8.501017114100078,degC-day,demo,2026-05-25
2026-05-26,wx.de_frankfurt.hdd,9.321231060364294,degC-day,demo,2026-05-26
2026-05-27,wx.de_frankfurt.hdd,9.204124159417956,degC-day,demo,2026-05-27
2026-05-28,wx.de_frankfurt.hdd,10.062625107824562,degC-day,demo,2026-05-28
2026-05-29,wx.de_frankfurt.hdd,7.961222261595211,degC-day,demo,2026-05-29
2026-06-01,wx.de_frankfurt.hdd,10.54435119548502,degC-day,demo,2026-06-01
2026-06-02,wx.de_frankfurt.hdd,10.731475131148144,degC-day,demo,2026-06-02
2026-06-03,wx.de_frankfurt.hdd,8.503552999170433,degC-day,demo,2026-06-03
2026-06-04,wx.de_frankfurt.hdd,9.649525758222874,degC-day,demo,2026-06-04
2026-06-05,wx.de_frankfurt.hdd,10.052921725202008,degC-day,demo,2026-06-05
2026-06-08,wx.de_frankfurt.hdd,10.370841296554596,degC-day,demo,2026-06-08
2026-06-09,wx.de_frankfurt.hdd,9.74574662739826,degC-day,demo,2026-06-09
2026-06-10,wx.de_frankfurt.hdd,8.261646299475954,degC-day,demo,2026-06-10
2026-06-11,wx.de_frankfurt.hdd,8.486646809730884,degC-day,demo,2026-06-11
2026-06-12,wx.de_frankfurt.hdd,10.636607344868398,degC-day,demo,2026-06-12
2026-06-15,wx.de_frankfurt.hdd,7.973160257233431,degC-day,demo,2026-06-15
2026-06-16,wx.de_frankfurt.hdd,8.12130786390373,degC-day,demo,2026-06-16
2026-06-17,wx.de_frankfurt.hdd,9.655086547705134,degC-day,demo,2026-06-17
2026-06-18,wx.de_frankfurt.hdd,6.749566699312938,degC-day,demo,2026-06-18
2026-06-19,wx.de_frankfurt.hdd,8.073708988655286,degC-day,demo,2026-06-19
2026-06-22,wx.de_frankfurt.hdd,7.892076662789176,degC-day,demo,2026-06-22
2026-06-23,wx.de_frankfurt.hdd,5.92394740492977,degC-day,demo,2026-06-23
2026-06-24,wx.de_frankfurt.hdd,4.859667278681403,degC-day,demo,2026-06-24
2026-06-25,wx.de_frankfurt.hdd,7.592324975074973,degC-day,demo,2026-06-25
2026-06-26,wx.de_frankfurt.hdd,5.6179889776715175,degC-day,demo,2026-06-26
2026-06-29,wx.de_frankfurt.hdd,7.30399582115216,degC-day,demo,2026-06-29
2026-06-30,wx.de_frankfurt.hdd,2.2330619501562943,degC-day,demo,2026-06-30
2026-02-25,wx.de_frankfurt.shortwave,468.5,W/m2,demo,2026-02-25
2026-02-26,wx.de_frankfurt.shortwave,493.1,W/m2,demo,2026-02-26
2026-02-27,wx.de_frankfurt.shortwave,496.7,W/m2,demo,2026-02-27
2026-03-02,wx.de_frankfurt.shortwave,508.6,W/m2,demo,2026-03-02
2026-03-03,wx.de_frankfurt.shortwave,527.3,W/m2,demo,2026-03-03
2026-03-04,wx.de_frankfurt.shortwave,478.5,W/m2,demo,2026-03-04
2026-03-05,wx.de_frankfurt.shortwave,546.8,W/m2,demo,2026-03-05
2026-03-06,wx.de_frankfurt.shortwave,571.3,W/m2,demo,2026-03-06
2026-03-09,wx.de_frankfurt.shortwave,545.0,W/m2,demo,2026-03-09
2026-03-10,wx.de_frankfurt.shortwave,593.9,W/m2,demo,2026-03-10
2026-03-11,wx.de_frankfurt.shortwave,625.8,W/m2,demo,2026-03-11
2026-03-12,wx.de_frankfurt.shortwave,608.2,W/m2,demo,2026-03-12
2026-03-13,wx.de_frankfurt.shortwave,706.6,W/m2,demo,2026-03-13
2026-03-16,wx.de_frankfurt.shortwave,527.2,W/m2,demo,2026-03-16
2026-03-17,wx.de_frankfurt.shortwave,630.2,W/m2,demo,2026-03-17
2026-03-18,wx.de_frankfurt.shortwave,571.6,W/m2,demo,2026-03-18
2026-03-19,wx.de_frankfurt.shortwave,688.9,W/m2,demo,2026-03-19
2026-03-20,wx.de_frankfurt.shortwave,760.0,W/m2,demo,2026-03-20
2026-03-23,wx.de_frankfurt.shortwave,556.8,W/m2,demo,2026-03-23
2026-03-24,wx.de_frankfurt.shortwave,664.0,W/m2,demo,2026-03-24
2026-03-25,wx.de_frankfurt.shortwave,680.7,W/m2,demo,2026-03-25
2026-03-26,wx.de_frankfurt.shortwave,647.7,W/m2,demo,2026-03-26
2026-03-27,wx.de_frankfurt.shortwave,680.7,W/m2,demo,2026-03-27
2026-03-30,wx.de_frankfurt.shortwave,566.7,W/m2,demo,2026-03-30
2026-03-31,wx.de_frankfurt.shortwave,687.3,W/m2,demo,2026-03-31
2026-04-01,wx.de_frankfurt.shortwave,663.8,W/m2,demo,2026-04-01
2026-04-02,wx.de_frankfurt.shortwave,644.6,W/m2,demo,2026-04-02
2026-04-03,wx.de_frankfurt.shortwave,613.9,W/m2,demo,2026-04-03
2026-04-06,wx.de_frankfurt.shortwave,655.8,W/m2,demo,2026-04-06
2026-04-07,wx.de_frankfurt.shortwave,602.8,W/m2,demo,2026-04-07
2026-04-08,wx.de_frankfurt.shortwave,622.2,W/m2,demo,2026-04-08
2026-04-09,wx.de_frankfurt.shortwave,583.2,W/m2,demo,2026-04-09
2026-04-10,wx.de_frankfurt.shortwave,503.3,W/m2,demo,2026-04-10
2026-04-13,wx.de_frankfurt.shortwave,580.8,W/m2,demo,2026-04-13
2026-04-14,wx.de_frankfurt.shortwave,578.5,W/m2,demo,2026-04-14
2026-04-15,wx.de_frankfurt.shortwave,588.4,W/m2,demo,2026-04-15
2026-04-16,wx.de_frankfurt.shortwave,510.4,W/m2,demo,2026-04-16
2026-04-17,wx.de_frankfurt.shortwave,531.1,W/m2,demo,2026-04-17
2026-04-20,wx.de_frankfurt.shortwave,543.7,W/m2,demo,2026-04-20
2026-04-21,wx.de_frankfurt.shortwave,511.2,W/m2,demo,2026-04-21
2026-04-22,wx.de_frankfurt.shortwave,541.3,W/m2,demo,2026-04-22
2026-04-23,wx.de_frankfurt.shortwave,557.5,W/m2,demo,2026-04-23
2026-04-24,wx.de_frankfurt.shortwave,427.6,W/m2,demo,2026-04-24
2026-04-27,wx.de_frankfurt.shortwave,373.4,W/m2,demo,2026-04-27
2026-04-28,wx.de_frankfurt.shortwave,471.0,W/m2,demo,2026-04-28
2026-04-29,wx.de_frankfurt.shortwave,484.6,W/m2,demo,2026-04-29
2026-04-30,wx.de_frankfurt.shortwave,447.3,W/m2,demo,2026-04-30
2026-05-01,wx.de_frankfurt.shortwave,430.4,W/m2,demo,2026-05-01
2026-05-04,wx.de_frankfurt.shortwave,361.1,W/m2,demo,2026-05-04
2026-05-05,wx.de_frankfurt.shortwave,345.8,W/m2,demo,2026-05-05
2026-05-06,wx.de_frankfurt.shortwave,398.9,W/m2,demo,2026-05-06
2026-05-07,wx.de_frankfurt.shortwave,316.8,W/m2,demo,2026-05-07
2026-05-08,wx.de_frankfurt.shortwave,271.2,W/m2,demo,2026-05-08
2026-05-11,wx.de_frankfurt.shortwave,295.2,W/m2,demo,2026-05-11
2026-05-12,wx.de_frankfurt.shortwave,427.0,W/m2,demo,2026-05-12
2026-05-13,wx.de_frankfurt.shortwave,397.4,W/m2,demo,2026-05-13
2026-05-14,wx.de_frankfurt.shortwave,287.1,W/m2,demo,2026-05-14
2026-05-15,wx.de_frankfurt.shortwave,280.4,W/m2,demo,2026-05-15
2026-05-18,wx.de_frankfurt.shortwave,314.9,W/m2,demo,2026-05-18
2026-05-19,wx.de_frankfurt.shortwave,272.7,W/m2,demo,2026-05-19
2026-05-20,wx.de_frankfurt.shortwave,353.2,W/m2,demo,2026-05-20
2026-05-21,wx.de_frankfurt.shortwave,296.9,W/m2,demo,2026-05-21
2026-05-22,wx.de_frankfurt.shortwave,256.8,W/m2,demo,2026-05-22
2026-05-25,wx.de_frankfurt.shortwave,354.0,W/m2,demo,2026-05-25
2026-05-26,wx.de_frankfurt.shortwave,280.7,W/m2,demo,2026-05-26
2026-05-27,wx.de_frankfurt.shortwave,316.2,W/m2,demo,2026-05-27
2026-05-28,wx.de_frankfurt.shortwave,311.3,W/m2,demo,2026-05-28
2026-05-29,wx.de_frankfurt.shortwave,304.7,W/m2,demo,2026-05-29
2026-06-01,wx.de_frankfurt.shortwave,336.6,W/m2,demo,2026-06-01
2026-06-02,wx.de_frankfurt.shortwave,303.3,W/m2,demo,2026-06-02
2026-06-03,wx.de_frankfurt.shortwave,265.4,W/m2,demo,2026-06-03
2026-06-04,wx.de_frankfurt.shortwave,259.9,W/m2,demo,2026-06-04
2026-06-05,wx.de_frankfurt.shortwave,307.3,W/m2,demo,2026-06-05
2026-06-08,wx.de_frankfurt.shortwave,338.2,W/m2,demo,2026-06-08
2026-06-09,wx.de_frankfurt.shortwave,378.8,W/m2,demo,2026-06-09
2026-06-10,wx.de_frankfurt.shortwave,393.7,W/m2,demo,2026-06-10
2026-06-11,wx.de_frankfurt.shortwave,426.1,W/m2,demo,2026-06-11
2026-06-12,wx.de_frankfurt.shortwave,421.4,W/m2,demo,2026-06-12
2026-06-15,wx.de_frankfurt.shortwave,398.0,W/m2,demo,2026-06-15
2026-06-16,wx.de_frankfurt.shortwave,414.8,W/m2,demo,2026-06-16
2026-06-17,wx.de_frankfurt.shortwave,372.0,W/m2,demo,2026-06-17
2026-06-18,wx.de_frankfurt.shortwave,463.8,W/m2,demo,2026-06-18
2026-06-19,wx.de_frankfurt.shortwave,503.8,W/m2,demo,2026-06-19
2026-06-22,wx.de_frankfurt.shortwave,519.4,W/m2,demo,2026-06-22
2026-06-23,wx.de_frankfurt.shortwave,507.1,W/m2,demo,2026-06-23
2026-06-24,wx.de_frankfurt.shortwave,518.5,W/m2,demo,2026-06-24
2026-06-25,wx.de_frankfurt.shortwave,576.2,W/m2,demo,2026-06-25
2026-06-26,wx.de_frankfurt.shortwave,552.2,W/m2,demo,2026-06-26
2026-06-29,wx.de_frankfurt.shortwave,593.6,W/m2,demo,2026-06-29
2026-06-30,wx.de_frankfurt.shortwave,599.4,W/m2,demo,2026-06-30
2026-02-25,wx.de_frankfurt.wind100m,6.605,m/s,demo,2026-02-25
2026-02-26,wx.de_frankfurt.wind100m,7.6202,m/s,demo,2026-02-26
2026-02-27,wx.de_frankfurt.wind100m,7.0093,m/s,demo,2026-02-27
2026-03-02,wx.de_frankfurt.wind100m,7.657,m/s,demo,2026-03-02
2026-03-03,wx.de_frankfurt.wind100m,9.3335,m/s,demo,2026-03-03
2026-03-04,wx.de_frankfurt.wind100m,6.9507,m/s,demo,2026-03-04
2026-03-05,wx.de_frankfurt.wind100m,6.6105,m/s,demo,2026-03-05
2026-03-06,wx.de_frankfurt.wind100m,7.0694,m/s,demo,2026-03-06
2026-03-09,wx.de_frankfurt.wind100m,6.9847,m/s,demo,2026-03-09
2026-03-10,wx.de_frankfurt.wind100m,6.4522,m/s,demo,2026-03-10
2026-03-11,wx.de_frankfurt.wind100m,8.2561,m/s,demo,2026-03-11
2026-03-12,wx.de_frankfurt.wind100m,8.1313,m/s,demo,2026-03-12
2026-03-13,wx.de_frankfurt.wind100m,6.646,m/s,demo,2026-03-13
2026-03-16,wx.de_frankfurt.wind100m,7.3824,m/s,demo,2026-03-16
2026-03-17,wx.de_frankfurt.wind100m,5.9478,m/s,demo,2026-03-17
2026-03-18,wx.de_frankfurt.wind100m,7.0263,m/s,demo,2026-03-18
2026-03-19,wx.de_frankfurt.wind100m,6.5602,m/s,demo,2026-03-19
2026-03-20,wx.de_frankfurt.wind100m,6.742,m/s,demo,2026-03-20
2026-03-23,wx.de_frankfurt.wind100m,7.7895,m/s,demo,2026-03-23
2026-03-24,wx.de_frankfurt.wind100m,7.7653,m/s,demo,2026-03-24
2026-03-25,wx.de_frankfurt.wind100m,6.5377,m/s,demo,2026-03-25
2026-03-26,wx.de_frankfurt.wind100m,5.2503,m/s,demo,2026-03-26
2026-03-27,wx.de_frankfurt.wind100m,6.4588,m/s,demo,2026-03-27
2026-03-30,wx.de_frankfurt.wind100m,7.1323,m/s,demo,2026-03-30
2026-03-31,wx.de_frankfurt.wind100m,6.4599,m/s,demo,2026-03-31
2026-04-01,wx.de_frankfurt.wind100m,7.2285,m/s,demo,2026-04-01
2026-04-02,wx.de_frankfurt.wind100m,7.5916,m/s,demo,2026-04-02
2026-04-03,wx.de_frankfurt.wind100m,8.021,m/s,demo,2026-04-03
2026-04-06,wx.de_frankfurt.wind100m,6.0607,m/s,demo,2026-04-06
2026-04-07,wx.de_frankfurt.wind100m,5.9599,m/s,demo,2026-04-07
2026-04-08,wx.de_frankfurt.wind100m,6.8363,m/s,demo,2026-04-08
2026-04-09,wx.de_frankfurt.wind100m,7.4476,m/s,demo,2026-04-09
2026-04-10,wx.de_frankfurt.wind100m,8.0856,m/s,demo,2026-04-10
2026-04-13,wx.de_frankfurt.wind100m,5.9569,m/s,demo,2026-04-13
2026-04-14,wx.de_frankfurt.wind100m,6.2487,m/s,demo,2026-04-14
2026-04-15,wx.de_frankfurt.wind100m,6.7551,m/s,demo,2026-04-15
2026-04-16,wx.de_frankfurt.wind100m,8.8334,m/s,demo,2026-04-16
2026-04-17,wx.de_frankfurt.wind100m,7.7954,m/s,demo,2026-04-17
2026-04-20,wx.de_frankfurt.wind100m,7.4126,m/s,demo,2026-04-20
2026-04-21,wx.de_frankfurt.wind100m,7.3794,m/s,demo,2026-04-21
2026-04-22,wx.de_frankfurt.wind100m,8.0314,m/s,demo,2026-04-22
2026-04-23,wx.de_frankfurt.wind100m,7.522,m/s,demo,2026-04-23
2026-04-24,wx.de_frankfurt.wind100m,8.3615,m/s,demo,2026-04-24
2026-04-27,wx.de_frankfurt.wind100m,7.527,m/s,demo,2026-04-27
2026-04-28,wx.de_frankfurt.wind100m,7.6614,m/s,demo,2026-04-28
2026-04-29,wx.de_frankfurt.wind100m,7.1403,m/s,demo,2026-04-29
2026-04-30,wx.de_frankfurt.wind100m,7.2458,m/s,demo,2026-04-30
2026-05-01,wx.de_frankfurt.wind100m,6.6563,m/s,demo,2026-05-01
2026-05-04,wx.de_frankfurt.wind100m,5.43,m/s,demo,2026-05-04
2026-05-05,wx.de_frankfurt.wind100m,6.54,m/s,demo,2026-05-05
2026-05-06,wx.de_frankfurt.wind100m,6.8517,m/s,demo,2026-05-06
2026-05-07,wx.de_frankfurt.wind100m,6.427,m/s,demo,2026-05-07
2026-05-08,wx.de_frankfurt.wind100m,6.6737,m/s,demo,2026-05-08
2026-05-11,wx.de_frankfurt.wind100m,7.5148,m/s,demo,2026-05-11
2026-05-12,wx.de_frankfurt.wind100m,6.6556,m/s,demo,2026-05-12
2026-05-13,wx.de_frankfurt.wind100m,6.619,m/s,demo,2026-05-13
2026-05-14,wx.de_frankfurt.wind100m,7.1075,m/s,demo,2026-05-14
2026-05-15,wx.de_frankfurt.wind100m,7.5123,m/s,demo,2026-05-15
2026-05-18,wx.de_frankfurt.wind100m,7.1672,m/s,demo,2026-05-18
2026-05-19,wx.de_frankfurt.wind100m,5.4565,m/s,demo,2026-05-19
2026-05-20,wx.de_frankfurt.wind100m,6.6824,m/s,demo,2026-05-20
2026-05-21,wx.de_frankfurt.wind100m,6.9927,m/s,demo,2026-05-21
2026-05-22,wx.de_frankfurt.wind100m,7.0042,m/s,demo,2026-05-22
2026-05-25,wx.de_frankfurt.wind100m,6.7808,m/s,demo,2026-05-25
2026-05-26,wx.de_frankfurt.wind100m,7.0244,m/s,demo,2026-05-26
2026-05-27,wx.de_frankfurt.wind100m,6.6802,m/s,demo,2026-05-27
2026-05-28,wx.de_frankfurt.wind100m,5.9084,m/s,demo,2026-05-28
2026-05-29,wx.de_frankfurt.wind100m,5.4804,m/s,demo,2026-05-29
2026-06-01,wx.de_frankfurt.wind100m,5.2308,m/s,demo,2026-06-01
2026-06-02,wx.de_frankfurt.wind100m,5.0063,m/s,demo,2026-06-02
2026-06-03,wx.de_frankfurt.wind100m,4.3784,m/s,demo,2026-06-03
2026-06-04,wx.de_frankfurt.wind100m,5.2807,m/s,demo,2026-06-04
2026-06-05,wx.de_frankfurt.wind100m,4.4908,m/s,demo,2026-06-05
2026-06-08,wx.de_frankfurt.wind100m,5.3949,m/s,demo,2026-06-08
2026-06-09,wx.de_frankfurt.wind100m,4.824,m/s,demo,2026-06-09
2026-06-10,wx.de_frankfurt.wind100m,5.4323,m/s,demo,2026-06-10
2026-06-11,wx.de_frankfurt.wind100m,6.7667,m/s,demo,2026-06-11
2026-06-12,wx.de_frankfurt.wind100m,6.9643,m/s,demo,2026-06-12
2026-06-15,wx.de_frankfurt.wind100m,6.385,m/s,demo,2026-06-15
2026-06-16,wx.de_frankfurt.wind100m,6.5159,m/s,demo,2026-06-16
2026-06-17,wx.de_frankfurt.wind100m,6.707,m/s,demo,2026-06-17
2026-06-18,wx.de_frankfurt.wind100m,5.3639,m/s,demo,2026-06-18
2026-06-19,wx.de_frankfurt.wind100m,5.1232,m/s,demo,2026-06-19
2026-06-22,wx.de_frankfurt.wind100m,5.5351,m/s,demo,2026-06-22
2026-06-23,wx.de_frankfurt.wind100m,5.3795,m/s,demo,2026-06-23
2026-06-24,wx.de_frankfurt.wind100m,5.6863,m/s,demo,2026-06-24
2026-06-25,wx.de_frankfurt.wind100m,6.4706,m/s,demo,2026-06-25
2026-06-26,wx.de_frankfurt.wind100m,7.1632,m/s,demo,2026-06-26
2026-06-29,wx.de_frankfurt.wind100m,7.8633,m/s,demo,2026-06-29
2026-06-30,wx.de_frankfurt.wind100m,8.2046,m/s,demo,2026-06-30
2026-02-25,wx.ercot_dallas.cdd,4.744560585364056,degC-day,demo,2026-02-25
2026-02-26,wx.ercot_dallas.cdd,3.324834658334339,degC-day,demo,2026-02-26
2026-02-27,wx.ercot_dallas.cdd,2.3580239508843626,degC-day,demo,2026-02-27
2026-03-02,wx.ercot_dallas.cdd,4.237837910532647,degC-day,demo,2026-03-02
2026-03-03,wx.ercot_dallas.cdd,5.000558844749747,degC-day,demo,2026-03-03
2026-03-04,wx.ercot_dallas.cdd,5.463498762179448,degC-day,demo,2026-03-04
2026-03-05,wx.ercot_dallas.cdd,3.503518832479095,degC-day,demo,2026-03-05
2026-03-06,wx.ercot_dallas.cdd,7.546461265608858,degC-day,demo,2026-03-06
2026-03-09,wx.ercot_dallas.cdd,7.663498533735431,degC-day,demo,2026-03-09
2026-03-10,wx.ercot_dallas.cdd,5.425295235389637,degC-day,demo,2026-03-10
2026-03-11,wx.ercot_dallas.cdd,6.023200607458445,degC-day,demo,2026-03-11
2026-03-12,wx.ercot_dallas.cdd,5.186559841036157,degC-day,demo,2026-03-12
2026-03-13,wx.ercot_dallas.cdd,8.145093986719623,degC-day,demo,2026-03-13
2026-03-16,wx.ercot_dallas.cdd,5.145638639412212,degC-day,demo,2026-03-16
2026-03-17,wx.ercot_dallas.cdd,7.37702710470862,degC-day,demo,2026-03-17
2026-03-18,wx.ercot_dallas.cdd,5.792002356218401,degC-day,demo,2026-03-18
2026-03-19,wx.ercot_dallas.cdd,5.598284763989508,degC-day,demo,2026-03-19
2026-03-20,wx.ercot_dallas.cdd,7.82647858940917,degC-day,demo,2026-03-20
2026-03-23,wx.ercot_dallas.cdd,8.83928756408989,degC-day,demo,2026-03-23
2026-03-24,wx.ercot_dallas.cdd,6.893871474796431,degC-day,demo,2026-03-24
2026-03-25,wx.ercot_dallas.cdd,5.943465560872561,degC-day,demo,2026-03-25
2026-03-26,wx.ercot_dallas.cdd,8.20720388183036,degC-day,demo,2026-03-26
2026-03-27,wx.ercot_dallas.cdd,6.925734168718144,degC-day,demo,2026-03-27
2026-03-30,wx.ercot_dallas.cdd,7.455567730373485,degC-day,demo,2026-03-30
2026-03-31,wx.ercot_dallas.cdd,9.24319378859078,degC-day,demo,2026-03-31
2026-04-01,wx.ercot_dallas.cdd,8.605409675087095,degC-day,demo,2026-04-01
2026-04-02,wx.ercot_dallas.cdd,6.057372819241703,degC-day,demo,2026-04-02
2026-04-03,wx.ercot_dallas.cdd,10.172083401034214,degC-day,demo,2026-04-03
2026-04-06,wx.ercot_dallas.cdd,6.64219192900039,degC-day,demo,2026-04-06
2026-04-07,wx.ercot_dallas.cdd,7.688064047324524,degC-day,demo,2026-04-07
2026-04-08,wx.ercot_dallas.cdd,5.392108800832155,degC-day,demo,2026-04-08
2026-04-09,wx.ercot_dallas.cdd,6.133034519187937,degC-day,demo,2026-04-09
2026-04-10,wx.ercot_dallas.cdd,3.395604538983488,degC-day,demo,2026-04-10
2026-04-13,wx.ercot_dallas.cdd,8.505751037346531,degC-day,demo,2026-04-13
2026-04-14,wx.ercot_dallas.cdd,7.665110749479265,degC-day,demo,2026-04-14
2026-04-15,wx.ercot_dallas.cdd,3.5709373281452663,degC-day,demo,2026-04-15
2026-04-16,wx.ercot_dallas.cdd,2.901283436532907,degC-day,demo,2026-04-16
2026-04-17,wx.ercot_dallas.cdd,2.4816692819129287,degC-day,demo,2026-04-17
2026-04-20,wx.ercot_dallas.cdd,6.421319716199427,degC-day,demo,2026-04-20
2026-04-21,wx.ercot_dallas.cdd,3.704331488131036,degC-day,demo,2026-04-21
2026-04-22,wx.ercot_dallas.cdd,4.031717612036893,degC-day,demo,2026-04-22
2026-04-23,wx.ercot_dallas.cdd,3.376513487376726,degC-day,demo,2026-04-23
2026-04-24,wx.ercot_dallas.cdd,3.382744808645775,degC-day,demo,2026-04-24
2026-04-27,wx.ercot_dallas.cdd,1.6481626022771678,degC-day,demo,2026-04-27
2026-04-28,wx.ercot_dallas.cdd,3.0311043571316567,degC-day,demo,2026-04-28
2026-04-29,wx.ercot_dallas.cdd,0.5524928557048057,degC-day,demo,2026-04-29
2026-04-30,wx.ercot_dallas.cdd,2.318289340582641,degC-day,demo,2026-04-30
2026-05-01,wx.ercot_dallas.cdd,2.607580714766492,degC-day,demo,2026-05-01
2026-05-04,wx.ercot_dallas.cdd,2.56919124372946,degC-day,demo,2026-05-04
2026-05-05,wx.ercot_dallas.cdd,1.2492879482517765,degC-day,demo,2026-05-05
2026-05-06,wx.ercot_dallas.cdd,0.0,degC-day,demo,2026-05-06
2026-05-07,wx.ercot_dallas.cdd,1.317219122445536,degC-day,demo,2026-05-07
2026-05-08,wx.ercot_dallas.cdd,0.1054456593192547,degC-day,demo,2026-05-08
2026-05-11,wx.ercot_dallas.cdd,2.946767549157446,degC-day,demo,2026-05-11
2026-05-12,wx.ercot_dallas.cdd,1.5274522912948072,degC-day,demo,2026-05-12
2026-05-13,wx.ercot_dallas.cdd,0.0,degC-day,demo,2026-05-13
2026-05-14,wx.ercot_dallas.cdd,0.0,degC-day,demo,2026-05-14
2026-05-15,wx.ercot_dallas.cdd,0.0,degC-day,demo,2026-05-15
2026-05-18,wx.ercot_dallas.cdd,0.0,degC-day,demo,2026-05-18
2026-05-19,wx.ercot_dallas.cdd,0.0,degC-day,demo,2026-05-19
2026-05-20,wx.ercot_dallas.cdd,0.0,degC-day,demo,2026-05-20
2026-05-21,wx.ercot_dallas.cdd,0.023044395381877,degC-day,demo,2026-05-21
2026-05-22,wx.ercot_dallas.cdd,0.0133134244531589,degC-day,demo,2026-05-22
2026-05-25,wx.ercot_dallas.cdd,2.237903427484941,degC-day,demo,2026-05-25
2026-05-26,wx.ercot_dallas.cdd,0.0,degC-day,demo,2026-05-26
2026-05-27,wx.ercot_dallas.cdd,0.0,degC-day,demo,2026-05-27
2026-05-28,wx.ercot_dallas.cdd,3.191932447843591,degC-day,demo,2026-05-28
2026-05-29,wx.ercot_dallas.cdd,0.0,degC-day,demo,2026-05-29
2026-06-01,wx.ercot_dallas.cdd,0.0,degC-day,demo,2026-06-01
2026-06-02,wx.ercot_dallas.cdd,0.0,degC-day,demo,2026-06-02
2026-06-03,wx.ercot_dallas.cdd,0.0,degC-day,demo,2026-06-03
2026-06-04,wx.ercot_dallas.cdd,0.0,degC-day,demo,2026-06-04
2026-06-05,wx.ercot_dallas.cdd,0.0,degC-day,demo,2026-06-05
2026-06-08,wx.ercot_dallas.cdd,0.0424985276407596,degC-day,demo,2026-06-08
2026-06-09,wx.ercot_dallas.cdd,0.0,degC-day,demo,2026-06-09
2026-06-10,wx.ercot_dallas.cdd,0.9600433380454164,degC-day,demo,2026-06-10
2026-06-11,wx.ercot_dallas.cdd,0.0,degC-day,demo,2026-06-11
2026-06-12,wx.ercot_dallas.cdd,0.0,degC-day,demo,2026-06-12
2026-06-15,wx.ercot_dallas.cdd,0.384010223209593,degC-day,demo,2026-06-15
2026-06-16,wx.ercot_dallas.cdd,0.0,degC-day,demo,2026-06-16
2026-06-17,wx.ercot_dallas.cdd,0.0,degC-day,demo,2026-06-17
2026-06-18,wx.ercot_dallas.cdd,2.032797318947672,degC-day,demo,2026-06-18
2026-06-19,wx.ercot_dallas.cdd,0.3719485529077602,degC-day,demo,2026-06-19
2026-06-22,wx.ercot_dallas.cdd,2.563461404099254,degC-day,demo,2026-06-22
2026-06-23,wx.ercot_dallas.cdd,3.001001887973935,degC-day,demo,2026-06-23
2026-06-24,wx.ercot_dallas.cdd,2.6190317726180297,degC-day,demo,2026-06-24
2026-06-25,wx.ercot_dallas.cdd,3.2026112894356515,degC-day,demo,2026-06-25
2026-06-26,wx.ercot_dallas.cdd,2.5677246320745546,degC-day,demo,2026-06-26
2026-06-29,wx.ercot_dallas.cdd,0.8964542703074194,degC-day,demo,2026-06-29
2026-06-30,wx.ercot_dallas.cdd,3.2504564241826657,degC-day,demo,2026-06-30
2026-02-25,wx.ercot_dallas.hdd,0.0,degC-day,demo,2026-02-25
2026-02-26,wx.ercot_dallas.hdd,0.0,degC-day,demo,2026-02-26
2026-02-27,wx.ercot_dallas.hdd,0.0,degC-day,demo,2026-02-27
2026-03-02,wx.ercot_dallas.hdd,0.0,degC-day,demo,2026-03-02
2026-03-03,wx.ercot_dallas.hdd,0.0,degC-day,demo,2026-03-03
2026-03-04,wx.ercot_dallas.hdd,0.0,degC-day,demo,2026-03-04
2026-03-05,wx.ercot_dallas.hdd,0.0,degC-day,demo,2026-03-05
2026-03-06,wx.ercot_dallas.hdd,0.0,degC-day,demo,2026-03-06
2026-03-09,wx.ercot_dallas.hdd,0.0,degC-day,demo,2026-03-09
2026-03-10,wx.ercot_dallas.hdd,0.0,degC-day,demo,2026-03-10
2026-03-11,wx.ercot_dallas.hdd,0.0,degC-day,demo,2026-03-11
2026-03-12,wx.ercot_dallas.hdd,0.0,degC-day,demo,2026-03-12
2026-03-13,wx.ercot_dallas.hdd,0.0,degC-day,demo,2026-03-13
2026-03-16,wx.ercot_dallas.hdd,0.0,degC-day,demo,2026-03-16
2026-03-17,wx.ercot_dallas.hdd,0.0,degC-day,demo,2026-03-17
2026-03-18,wx.ercot_dallas.hdd,0.0,degC-day,demo,2026-03-18
2026-03-19,wx.ercot_dallas.hdd,0.0,degC-day,demo,2026-03-19
2026-03-20,wx.ercot_dallas.hdd,0.0,degC-day,demo,2026-03-20
2026-03-23,wx.ercot_dallas.hdd,0.0,degC-day,demo,2026-03-23
2026-03-24,wx.ercot_dallas.hdd,0.0,degC-day,demo,2026-03-24
2026-03-25,wx.ercot_dallas.hdd,0.0,degC-day,demo,2026-03-25
2026-03-26,wx.ercot_dallas.hdd,0.0,degC-day,demo,2026-03-26
2026-03-27,wx.ercot_dallas.hdd,0.0,degC-day,demo,2026-03-27
2026-03-30,wx.ercot_dallas.hdd,0.0,degC-day,demo,2026-03-30
2026-03-31,wx.ercot_dallas.hdd,0.0,degC-day,demo,2026-03-31
2026-04-01,wx.ercot_dallas.hdd,0.0,degC-day,demo,2026-04-01
2026-04-02,wx.ercot_dallas.hdd,0.0,degC-day,demo,2026-04-02
2026-04-03,wx.ercot_dallas.hdd,0.0,degC-day,demo,2026-04-03
2026-04-06,wx.ercot_dallas.hdd,0.0,degC-day,demo,2026-04-06
2026-04-07,wx.ercot_dallas.hdd,0.0,degC-day,demo,2026-04-07
2026-04-08,wx.ercot_dallas.hdd,0.0,degC-day,demo,2026-04-08
2026-04-09,wx.ercot_dallas.hdd,0.0,degC-day,demo,2026-04-09
2026-04-10,wx.ercot_dallas.hdd,0.0,degC-day,demo,2026-04-10
2026-04-13,wx.ercot_dallas.hdd,0.0,degC-day,demo,2026-04-13
2026-04-14,wx.ercot_dallas.hdd,0.0,degC-day,demo,2026-04-14
2026-04-15,wx.ercot_dallas.hdd,0.0,degC-day,demo,2026-04-15
2026-04-16,wx.ercot_dallas.hdd,0.0,degC-day,demo,2026-04-16
2026-04-17,wx.ercot_dallas.hdd,0.0,degC-day,demo,2026-04-17
2026-04-20,wx.ercot_dallas.hdd,0.0,degC-day,demo,2026-04-20
2026-04-21,wx.ercot_dallas.hdd,0.0,degC-day,demo,2026-04-21
2026-04-22,wx.ercot_dallas.hdd,0.0,degC-day,demo,2026-04-22
2026-04-23,wx.ercot_dallas.hdd,0.0,degC-day,demo,2026-04-23
2026-04-24,wx.ercot_dallas.hdd,0.0,degC-day,demo,2026-04-24
2026-04-27,wx.ercot_dallas.hdd,0.0,degC-day,demo,2026-04-27
2026-04-28,wx.ercot_dallas.hdd,0.0,degC-day,demo,2026-04-28
2026-04-29,wx.ercot_dallas.hdd,0.0,degC-day,demo,2026-04-29
2026-04-30,wx.ercot_dallas.hdd,0.0,degC-day,demo,2026-04-30
2026-05-01,wx.ercot_dallas.hdd,0.0,degC-day,demo,2026-05-01
2026-05-04,wx.ercot_dallas.hdd,0.0,degC-day,demo,2026-05-04
2026-05-05,wx.ercot_dallas.hdd,0.0,degC-day,demo,2026-05-05
2026-05-06,wx.ercot_dallas.hdd,0.0224568010140728,degC-day,demo,2026-05-06
2026-05-07,wx.ercot_dallas.hdd,0.0,degC-day,demo,2026-05-07
2026-05-08,wx.ercot_dallas.hdd,0.0,degC-day,demo,2026-05-08
2026-05-11,wx.ercot_dallas.hdd,0.0,degC-day,demo,2026-05-11
2026-05-12,wx.ercot_dallas.hdd,0.0,degC-day,demo,2026-05-12
2026-05-13,wx.ercot_dallas.hdd,0.0056853985343927,degC-day,demo,2026-05-13
2026-05-14,wx.ercot_dallas.hdd,0.73392829621638,degC-day,demo,2026-05-14
2026-05-15,wx.ercot_dallas.hdd,1.2601109886005908,degC-day,demo,2026-05-15
2026-05-18,wx.ercot_dallas.hdd,1.774452575298703,degC-day,demo,2026-05-18
2026-05-19,wx.ercot_dallas.hdd,1.043384361689398,degC-day,demo,2026-05-19
2026-05-20,wx.ercot_dallas.hdd,0.1992326012703671,degC-day,demo,2026-05-20
2026-05-21,wx.ercot_dallas.hdd,0.0,degC-day,demo,2026-05-21
2026-05-22,wx.ercot_dallas.hdd,0.0,degC-day,demo,2026-05-22
2026-05-25,wx.ercot_dallas.hdd,0.0,degC-day,demo,2026-05-25
2026-05-26,wx.ercot_dallas.hdd,2.017607672609305,degC-day,demo,2026-05-26
2026-05-27,wx.ercot_dallas.hdd,0.9709065167574592,degC-day,demo,2026-05-27
2026-05-28,wx.ercot_dallas.hdd,0.0,degC-day,demo,2026-05-28
2026-05-29,wx.ercot_dallas.hdd,3.7898487889788814,degC-day,demo,2026-05-29
2026-06-01,wx.ercot_dallas.hdd,1.740394891359344,degC-day,demo,2026-06-01
2026-06-02,wx.ercot_dallas.hdd,0.6525171448952882,degC-day,demo,2026-06-02
2026-06-03,wx.ercot_dallas.hdd,0.6041088212915007,degC-day,demo,2026-06-03
2026-06-04,wx.ercot_dallas.hdd,0.1331385854584184,degC-day,demo,2026-06-04
2026-06-05,wx.ercot_dallas.hdd,0.9931442586436994,degC-day,demo,2026-06-05
2026-06-08,wx.ercot_dallas.hdd,0.0,degC-day,demo,2026-06-08
2026-06-09,wx.ercot_dallas.hdd,0.2812360736078041,degC-day,demo,2026-06-09
2026-06-10,wx.ercot_dallas.hdd,0.0,degC-day,demo,2026-06-10
2026-06-11,wx.ercot_dallas.hdd,2.8561545666025943,degC-day,demo,2026-06-11
2026-06-12,wx.ercot_dallas.hdd,1.1497201721039367,degC-day,demo,2026-06-12
2026-06-15,wx.ercot_dallas.hdd,0.0,degC-day,demo,2026-06-15
2026-06-16,wx.ercot_dallas.hdd,0.9376079026579482,degC-day,demo,2026-06-16
2026-06-17,wx.ercot_dallas.hdd,0.7218144405142759,degC-day,demo,2026-06-17
2026-06-18,wx.ercot_dallas.hdd,0.0,degC-day,demo,2026-06-18
2026-06-19,wx.ercot_dallas.hdd,0.0,degC-day,demo,2026-06-19
2026-06-22,wx.ercot_dallas.hdd,0.0,degC-day,demo,2026-06-22
2026-06-23,wx.ercot_dallas.hdd,0.0,degC-day,demo,2026-06-23
2026-06-24,wx.ercot_dallas.hdd,0.0,degC-day,demo,2026-06-24
2026-06-25,wx.ercot_dallas.hdd,0.0,degC-day,demo,2026-06-25
2026-06-26,wx.ercot_dallas.hdd,0.0,degC-day,demo,2026-06-26
2026-06-29,wx.ercot_dallas.hdd,0.0,degC-day,demo,2026-06-29
2026-06-30,wx.ercot_dallas.hdd,0.0,degC-day,demo,2026-06-30
2026-02-25,wx.ercot_dallas.shortwave,430.5,W/m2,demo,2026-02-25
2026-02-26,wx.ercot_dallas.shortwave,409.8,W/m2,demo,2026-02-26
2026-02-27,wx.ercot_dallas.shortwave,531.8,W/m2,demo,2026-02-27
2026-03-02,wx.ercot_dallas.shortwave,553.0,W/m2,demo,2026-03-02
2026-03-03,wx.ercot_dallas.shortwave,559.5,W/m2,demo,2026-03-03
2026-03-04,wx.ercot_dallas.shortwave,652.8,W/m2,demo,2026-03-04
2026-03-05,wx.ercot_dallas.shortwave,568.4,W/m2,demo,2026-03-05
2026-03-06,wx.ercot_dallas.shortwave,582.5,W/m2,demo,2026-03-06
2026-03-09,wx.ercot_dallas.shortwave,621.1,W/m2,demo,2026-03-09
2026-03-10,wx.ercot_dallas.shortwave,609.6,W/m2,demo,2026-03-10
2026-03-11,wx.ercot_dallas.shortwave,671.8,W/m2,demo,2026-03-11
2026-03-12,wx.ercot_dallas.shortwave,565.2,W/m2,demo,2026-03-12
2026-03-13,wx.ercot_dallas.shortwave,608.5,W/m2,demo,2026-03-13
2026-03-16,wx.ercot_dallas.shortwave,493.7,W/m2,demo,2026-03-16
2026-03-17,wx.ercot_dallas.shortwave,671.0,W/m2,demo,2026-03-17
2026-03-18,wx.ercot_dallas.shortwave,629.7,W/m2,demo,2026-03-18
2026-03-19,wx.ercot_dallas.shortwave,686.7,W/m2,demo,2026-03-19
2026-03-20,wx.ercot_dallas.shortwave,740.0,W/m2,demo,2026-03-20
2026-03-23,wx.ercot_dallas.shortwave,656.7,W/m2,demo,2026-03-23
2026-03-24,wx.ercot_dallas.shortwave,648.7,W/m2,demo,2026-03-24
2026-03-25,wx.ercot_dallas.shortwave,639.9,W/m2,demo,2026-03-25
2026-03-26,wx.ercot_dallas.shortwave,626.3,W/m2,demo,2026-03-26
2026-03-27,wx.ercot_dallas.shortwave,633.5,W/m2,demo,2026-03-27
2026-03-30,wx.ercot_dallas.shortwave,682.0,W/m2,demo,2026-03-30
2026-03-31,wx.ercot_dallas.shortwave,654.7,W/m2,demo,2026-03-31
2026-04-01,wx.ercot_dallas.shortwave,651.6,W/m2,demo,2026-04-01
2026-04-02,wx.ercot_dallas.shortwave,636.7,W/m2,demo,2026-04-02
2026-04-03,wx.ercot_dallas.shortwave,674.0,W/m2,demo,2026-04-03
2026-04-06,wx.ercot_dallas.shortwave,650.0,W/m2,demo,2026-04-06
2026-04-07,wx.ercot_dallas.shortwave,616.5,W/m2,demo,2026-04-07
2026-04-08,wx.ercot_dallas.shortwave,639.9,W/m2,demo,2026-04-08
2026-04-09,wx.ercot_dallas.shortwave,597.5,W/m2,demo,2026-04-09
2026-04-10,wx.ercot_dallas.shortwave,547.1,W/m2,demo,2026-04-10
2026-04-13,wx.ercot_dallas.shortwave,640.3,W/m2,demo,2026-04-13
2026-04-14,wx.ercot_dallas.shortwave,589.0,W/m2,demo,2026-04-14
2026-04-15,wx.ercot_dallas.shortwave,519.9,W/m2,demo,2026-04-15
2026-04-16,wx.ercot_dallas.shortwave,588.6,W/m2,demo,2026-04-16
2026-04-17,wx.ercot_dallas.shortwave,546.2,W/m2,demo,2026-04-17
2026-04-20,wx.ercot_dallas.shortwave,456.4,W/m2,demo,2026-04-20
2026-04-21,wx.ercot_dallas.shortwave,569.8,W/m2,demo,2026-04-21
2026-04-22,wx.ercot_dallas.shortwave,505.0,W/m2,demo,2026-04-22
2026-04-23,wx.ercot_dallas.shortwave,513.5,W/m2,demo,2026-04-23
2026-04-24,wx.ercot_dallas.shortwave,471.9,W/m2,demo,2026-04-24
2026-04-27,wx.ercot_dallas.shortwave,444.3,W/m2,demo,2026-04-27
2026-04-28,wx.ercot_dallas.shortwave,374.8,W/m2,demo,2026-04-28
2026-04-29,wx.ercot_dallas.shortwave,462.3,W/m2,demo,2026-04-29
2026-04-30,wx.ercot_dallas.shortwave,411.6,W/m2,demo,2026-04-30
2026-05-01,wx.ercot_dallas.shortwave,386.4,W/m2,demo,2026-05-01
2026-05-04,wx.ercot_dallas.shortwave,399.8,W/m2,demo,2026-05-04
2026-05-05,wx.ercot_dallas.shortwave,377.4,W/m2,demo,2026-05-05
2026-05-06,wx.ercot_dallas.shortwave,390.4,W/m2,demo,2026-05-06
2026-05-07,wx.ercot_dallas.shortwave,338.4,W/m2,demo,2026-05-07
2026-05-08,wx.ercot_dallas.shortwave,342.3,W/m2,demo,2026-05-08
2026-05-11,wx.ercot_dallas.shortwave,249.6,W/m2,demo,2026-05-11
2026-05-12,wx.ercot_dallas.shortwave,310.4,W/m2,demo,2026-05-12
2026-05-13,wx.ercot_dallas.shortwave,347.5,W/m2,demo,2026-05-13
2026-05-14,wx.ercot_dallas.shortwave,368.0,W/m2,demo,2026-05-14
2026-05-15,wx.ercot_dallas.shortwave,295.0,W/m2,demo,2026-05-15
2026-05-18,wx.ercot_dallas.shortwave,300.8,W/m2,demo,2026-05-18
2026-05-19,wx.ercot_dallas.shortwave,366.1,W/m2,demo,2026-05-19
2026-05-20,wx.ercot_dallas.shortwave,287.8,W/m2,demo,2026-05-20
2026-05-21,wx.ercot_dallas.shortwave,329.4,W/m2,demo,2026-05-21
2026-05-22,wx.ercot_dallas.shortwave,367.4,W/m2,demo,2026-05-22
2026-05-25,wx.ercot_dallas.shortwave,303.2,W/m2,demo,2026-05-25
2026-05-26,wx.ercot_dallas.shortwave,353.1,W/m2,demo,2026-05-26
2026-05-27,wx.ercot_dallas.shortwave,279.0,W/m2,demo,2026-05-27
2026-05-28,wx.ercot_dallas.shortwave,320.1,W/m2,demo,2026-05-28
2026-05-29,wx.ercot_dallas.shortwave,314.2,W/m2,demo,2026-05-29
2026-06-01,wx.ercot_dallas.shortwave,328.2,W/m2,demo,2026-06-01
2026-06-02,wx.ercot_dallas.shortwave,376.2,W/m2,demo,2026-06-02
2026-06-03,wx.ercot_dallas.shortwave,434.8,W/m2,demo,2026-06-03
2026-06-04,wx.ercot_dallas.shortwave,321.6,W/m2,demo,2026-06-04
2026-06-05,wx.ercot_dallas.shortwave,335.0,W/m2,demo,2026-06-05
2026-06-08,wx.ercot_dallas.shortwave,388.4,W/m2,demo,2026-06-08
2026-06-09,wx.ercot_dallas.shortwave,337.5,W/m2,demo,2026-06-09
2026-06-10,wx.ercot_dallas.shortwave,411.4,W/m2,demo,2026-06-10
2026-06-11,wx.ercot_dallas.shortwave,426.7,W/m2,demo,2026-06-11
2026-06-12,wx.ercot_dallas.shortwave,405.5,W/m2,demo,2026-06-12
2026-06-15,wx.ercot_dallas.shortwave,451.0,W/m2,demo,2026-06-15
2026-06-16,wx.ercot_dallas.shortwave,381.2,W/m2,demo,2026-06-16
2026-06-17,wx.ercot_dallas.shortwave,487.2,W/m2,demo,2026-06-17
2026-06-18,wx.ercot_dallas.shortwave,408.8,W/m2,demo,2026-06-18
2026-06-19,wx.ercot_dallas.shortwave,456.6,W/m2,demo,2026-06-19
2026-06-22,wx.ercot_dallas.shortwave,476.0,W/m2,demo,2026-06-22
2026-06-23,wx.ercot_dallas.shortwave,495.9,W/m2,demo,2026-06-23
2026-06-24,wx.ercot_dallas.shortwave,559.8,W/m2,demo,2026-06-24
2026-06-25,wx.ercot_dallas.shortwave,542.0,W/m2,demo,2026-06-25
2026-06-26,wx.ercot_dallas.shortwave,535.7,W/m2,demo,2026-06-26
2026-06-29,wx.ercot_dallas.shortwave,585.8,W/m2,demo,2026-06-29
2026-06-30,wx.ercot_dallas.shortwave,639.3,W/m2,demo,2026-06-30
2026-02-25,wx.ercot_dallas.wind100m,7.3634,m/s,demo,2026-02-25
2026-02-26,wx.ercot_dallas.wind100m,6.8854,m/s,demo,2026-02-26
2026-02-27,wx.ercot_dallas.wind100m,6.8229,m/s,demo,2026-02-27
2026-03-02,wx.ercot_dallas.wind100m,7.4489,m/s,demo,2026-03-02
2026-03-03,wx.ercot_dallas.wind100m,6.6791,m/s,demo,2026-03-03
2026-03-04,wx.ercot_dallas.wind100m,7.2392,m/s,demo,2026-03-04
2026-03-05,wx.ercot_dallas.wind100m,8.6934,m/s,demo,2026-03-05
2026-03-06,wx.ercot_dallas.wind100m,7.9957,m/s,demo,2026-03-06
2026-03-09,wx.ercot_dallas.wind100m,7.9636,m/s,demo,2026-03-09
2026-03-10,wx.ercot_dallas.wind100m,7.6987,m/s,demo,2026-03-10
2026-03-11,wx.ercot_dallas.wind100m,8.8261,m/s,demo,2026-03-11
2026-03-12,wx.ercot_dallas.wind100m,8.8053,m/s,demo,2026-03-12
2026-03-13,wx.ercot_dallas.wind100m,9.2527,m/s,demo,2026-03-13
2026-03-16,wx.ercot_dallas.wind100m,8.3627,m/s,demo,2026-03-16
2026-03-17,wx.ercot_dallas.wind100m,8.1454,m/s,demo,2026-03-17
2026-03-18,wx.ercot_dallas.wind100m,7.9657,m/s,demo,2026-03-18
2026-03-19,wx.ercot_dallas.wind100m,6.4001,m/s,demo,2026-03-19
2026-03-20,wx.ercot_dallas.wind100m,7.6427,m/s,demo,2026-03-20
2026-03-23,wx.ercot_dallas.wind100m,8.2658,m/s,demo,2026-03-23
2026-03-24,wx.ercot_dallas.wind100m,6.6767,m/s,demo,2026-03-24
2026-03-25,wx.ercot_dallas.wind100m,7.3206,m/s,demo,2026-03-25
2026-03-26,wx.ercot_dallas.wind100m,7.1676,m/s,demo,2026-03-26
2026-03-27,wx.ercot_dallas.wind100m,7.5012,m/s,demo,2026-03-27
2026-03-30,wx.ercot_dallas.wind100m,7.7192,m/s,demo,2026-03-30
2026-03-31,wx.ercot_dallas.wind100m,6.4121,m/s,demo,2026-03-31
2026-04-01,wx.ercot_dallas.wind100m,6.3307,m/s,demo,2026-04-01
2026-04-02,wx.ercot_dallas.wind100m,7.6252,m/s,demo,2026-04-02
2026-04-03,wx.ercot_dallas.wind100m,7.0715,m/s,demo,2026-04-03
2026-04-06,wx.ercot_dallas.wind100m,6.2425,m/s,demo,2026-04-06
2026-04-07,wx.ercot_dallas.wind100m,5.2685,m/s,demo,2026-04-07
2026-04-08,wx.ercot_dallas.wind100m,4.5513,m/s,demo,2026-04-08
2026-04-09,wx.ercot_dallas.wind100m,5.187,m/s,demo,2026-04-09
2026-04-10,wx.ercot_dallas.wind100m,6.813,m/s,demo,2026-04-10
2026-04-13,wx.ercot_dallas.wind100m,7.1846,m/s,demo,2026-04-13
2026-04-14,wx.ercot_dallas.wind100m,7.3533,m/s,demo,2026-04-14
2026-04-15,wx.ercot_dallas.wind100m,9.0873,m/s,demo,2026-04-15
2026-04-16,wx.ercot_dallas.wind100m,8.3586,m/s,demo,2026-04-16
2026-04-17,wx.ercot_dallas.wind100m,7.6156,m/s,demo,2026-04-17
2026-04-20,wx.ercot_dallas.wind100m,7.946,m/s,demo,2026-04-20
2026-04-21,wx.ercot_dallas.wind100m,8.2429,m/s,demo,2026-04-21
2026-04-22,wx.ercot_dallas.wind100m,7.2447,m/s,demo,2026-04-22
2026-04-23,wx.ercot_dallas.wind100m,6.272,m/s,demo,2026-04-23
2026-04-24,wx.ercot_dallas.wind100m,6.614,m/s,demo,2026-04-24
2026-04-27,wx.ercot_dallas.wind100m,6.8698,m/s,demo,2026-04-27
2026-04-28,wx.ercot_dallas.wind100m,5.8439,m/s,demo,2026-04-28
2026-04-29,wx.ercot_dallas.wind100m,5.8555,m/s,demo,2026-04-29
2026-04-30,wx.ercot_dallas.wind100m,5.593,m/s,demo,2026-04-30
2026-05-01,wx.ercot_dallas.wind100m,6.1721,m/s,demo,2026-05-01
2026-05-04,wx.ercot_dallas.wind100m,6.2029,m/s,demo,2026-05-04
2026-05-05,wx.ercot_dallas.wind100m,6.2536,m/s,demo,2026-05-05
2026-05-06,wx.ercot_dallas.wind100m,6.0828,m/s,demo,2026-05-06
2026-05-07,wx.ercot_dallas.wind100m,7.0632,m/s,demo,2026-05-07
2026-05-08,wx.ercot_dallas.wind100m,8.1664,m/s,demo,2026-05-08
2026-05-11,wx.ercot_dallas.wind100m,7.6978,m/s,demo,2026-05-11
2026-05-12,wx.ercot_dallas.wind100m,8.27,m/s,demo,2026-05-12
2026-05-13,wx.ercot_dallas.wind100m,7.4734,m/s,demo,2026-05-13
2026-05-14,wx.ercot_dallas.wind100m,7.46,m/s,demo,2026-05-14
2026-05-15,wx.ercot_dallas.wind100m,7.9909,m/s,demo,2026-05-15
2026-05-18,wx.ercot_dallas.wind100m,9.0537,m/s,demo,2026-05-18
2026-05-19,wx.ercot_dallas.wind100m,8.4396,m/s,demo,2026-05-19
2026-05-20,wx.ercot_dallas.wind100m,8.1644,m/s,demo,2026-05-20
2026-05-21,wx.ercot_dallas.wind100m,8.1468,m/s,demo,2026-05-21
2026-05-22,wx.ercot_dallas.wind100m,6.7763,m/s,demo,2026-05-22
2026-05-25,wx.ercot_dallas.wind100m,6.8226,m/s,demo,2026-05-25
2026-05-26,wx.ercot_dallas.wind100m,6.3085,m/s,demo,2026-05-26
2026-05-27,wx.ercot_dallas.wind100m,6.7094,m/s,demo,2026-05-27
2026-05-28,wx.ercot_dallas.wind100m,5.849,m/s,demo,2026-05-28
2026-05-29,wx.ercot_dallas.wind100m,4.4402,m/s,demo,2026-05-29
2026-06-01,wx.ercot_dallas.wind100m,4.8548,m/s,demo,2026-06-01
2026-06-02,wx.ercot_dallas.wind100m,5.3851,m/s,demo,2026-06-02
2026-06-03,wx.ercot_dallas.wind100m,5.1882,m/s,demo,2026-06-03
2026-06-04,wx.ercot_dallas.wind100m,6.171,m/s,demo,2026-06-04
2026-06-05,wx.ercot_dallas.wind100m,6.0768,m/s,demo,2026-06-05
2026-06-08,wx.ercot_dallas.wind100m,5.7307,m/s,demo,2026-06-08
2026-06-09,wx.ercot_dallas.wind100m,6.3033,m/s,demo,2026-06-09
2026-06-10,wx.ercot_dallas.wind100m,5.1533,m/s,demo,2026-06-10
2026-06-11,wx.ercot_dallas.wind100m,4.8883,m/s,demo,2026-06-11
2026-06-12,wx.ercot_dallas.wind100m,5.1885,m/s,demo,2026-06-12
2026-06-15,wx.ercot_dallas.wind100m,6.1393,m/s,demo,2026-06-15
2026-06-16,wx.ercot_dallas.wind100m,6.1382,m/s,demo,2026-06-16
2026-06-17,wx.ercot_dallas.wind100m,6.5143,m/s,demo,2026-06-17
2026-06-18,wx.ercot_dallas.wind100m,6.0627,m/s,demo,2026-06-18
2026-06-19,wx.ercot_dallas.wind100m,6.4447,m/s,demo,2026-06-19
2026-06-22,wx.ercot_dallas.wind100m,7.8588,m/s,demo,2026-06-22
2026-06-23,wx.ercot_dallas.wind100m,7.1809,m/s,demo,2026-06-23
2026-06-24,wx.ercot_dallas.wind100m,9.0467,m/s,demo,2026-06-24
2026-06-25,wx.ercot_dallas.wind100m,8.2246,m/s,demo,2026-06-25
2026-06-26,wx.ercot_dallas.wind100m,8.0546,m/s,demo,2026-06-26
2026-06-29,wx.ercot_dallas.wind100m,8.0351,m/s,demo,2026-06-29
2026-06-30,wx.ercot_dallas.wind100m,8.6993,m/s,demo,2026-06-30
2026-02-25,wx.ercot_houston.cdd,6.248969148494759,degC-day,demo,2026-02-25
2026-02-26,wx.ercot_houston.cdd,4.5170982071744135,degC-day,demo,2026-02-26
2026-02-27,wx.ercot_houston.cdd,4.223573365346258,degC-day,demo,2026-02-27
2026-03-02,wx.ercot_houston.cdd,5.892169929805089,degC-day,demo,2026-03-02
2026-03-03,wx.ercot_houston.cdd,8.511466573820208,degC-day,demo,2026-03-03
2026-03-04,wx.ercot_houston.cdd,6.550077504906774,degC-day,demo,2026-03-04
2026-03-05,wx.ercot_houston.cdd,6.308749519281587,degC-day,demo,2026-03-05
2026-03-06,wx.ercot_houston.cdd,6.761261386748348,degC-day,demo,2026-03-06
2026-03-09,wx.ercot_houston.cdd,5.865686424688803,degC-day,demo,2026-03-09
2026-03-10,wx.ercot_houston.cdd,8.222026431066471,degC-day,demo,2026-03-10
2026-03-11,wx.ercot_houston.cdd,6.850901160231391,degC-day,demo,2026-03-11
2026-03-12,wx.ercot_houston.cdd,9.37554006255294,degC-day,demo,2026-03-12
2026-03-13,wx.ercot_houston.cdd,5.483756841663748,degC-day,demo,2026-03-13
2026-03-16,wx.ercot_houston.cdd,9.694732112944155,degC-day,demo,2026-03-16
2026-03-17,wx.ercot_houston.cdd,8.403467804032612,degC-day,demo,2026-03-17
2026-03-18,wx.ercot_houston.cdd,6.598320112846736,degC-day,demo,2026-03-18
2026-03-19,wx.ercot_houston.cdd,10.726355824368778,degC-day,demo,2026-03-19
2026-03-20,wx.ercot_houston.cdd,9.335219002174911,degC-day,demo,2026-03-20
2026-03-23,wx.ercot_houston.cdd,6.493499157128873,degC-day,demo,2026-03-23
2026-03-24,wx.ercot_houston.cdd,8.596456353307925,degC-day,demo,2026-03-24
2026-03-25,wx.ercot_houston.cdd,10.396148672717176,degC-day,demo,2026-03-25
2026-03-26,wx.ercot_houston.cdd,9.30210663065241,degC-day,demo,2026-03-26
2026-03-27,wx.ercot_houston.cdd,11.16997473182222,degC-day,demo,2026-03-27
2026-03-30,wx.ercot_houston.cdd,11.11095438304595,degC-day,demo,2026-03-30
2026-03-31,wx.ercot_houston.cdd,10.958247157902743,degC-day,demo,2026-03-31
2026-04-01,wx.ercot_houston.cdd,10.39791350883323,degC-day,demo,2026-04-01
2026-04-02,wx.ercot_houston.cdd,11.837674207368728,degC-day,demo,2026-04-02
2026-04-03,wx.ercot_houston.cdd,10.736464378928352,degC-day,demo,2026-04-03
2026-04-06,wx.ercot_houston.cdd,10.31401696890106,degC-day,demo,2026-04-06
2026-04-07,wx.ercot_houston.cdd,6.383148735332021,degC-day,demo,2026-04-07
2026-04-08,wx.ercot_houston.cdd,10.707982093312792,degC-day,demo,2026-04-08
2026-04-09,wx.ercot_houston.cdd,11.164165864271553,degC-day,demo,2026-04-09
2026-04-10,wx.ercot_houston.cdd,8.575240980904514,degC-day,demo,2026-04-10
2026-04-13,wx.ercot_houston.cdd,8.121482305372709,degC-day,demo,2026-04-13
2026-04-14,wx.ercot_houston.cdd,11.526935586420702,degC-day,demo,2026-04-14
2026-04-15,wx.ercot_houston.cdd,5.7566897671894,degC-day,demo,2026-04-15
2026-04-16,wx.ercot_houston.cdd,8.862366129089995,degC-day,demo,2026-04-16
2026-04-17,wx.ercot_houston.cdd,11.548835513461238,degC-day,demo,2026-04-17
2026-04-20,wx.ercot_houston.cdd,6.266284463791731,degC-day,demo,2026-04-20
2026-04-21,wx.ercot_houston.cdd,8.428038458849663,degC-day,demo,2026-04-21
2026-04-22,wx.ercot_houston.cdd,9.95208886316414,degC-day,demo,2026-04-22
2026-04-23,wx.ercot_houston.cdd,6.66533911374523,degC-day,demo,2026-04-23
2026-04-24,wx.ercot_houston.cdd,7.406275296623228,degC-day,demo,2026-04-24
2026-04-27,wx.ercot_houston.cdd,7.6342895726910704,degC-day,demo,2026-04-27
2026-04-28,wx.ercot_houston.cdd,4.636289549435432,degC-day,demo,2026-04-28
2026-04-29,wx.ercot_houston.cdd,5.575840074866733,degC-day,demo,2026-04-29
2026-04-30,wx.ercot_houston.cdd,5.864709687807967,degC-day,demo,2026-04-30
2026-05-01,wx.ercot_houston.cdd,6.382537632435763,degC-day,demo,2026-05-01
2026-05-04,wx.ercot_houston.cdd,4.815975408293028,degC-day,demo,2026-05-04
2026-05-05,wx.ercot_houston.cdd,4.30385661614109,degC-day,demo,2026-05-05
2026-05-06,wx.ercot_houston.cdd,2.80899930286682,degC-day,demo,2026-05-06
2026-05-07,wx.ercot_houston.cdd,3.539397838736296,degC-day,demo,2026-05-07
2026-05-08,wx.ercot_houston.cdd,5.169919164654143,degC-day,demo,2026-05-08
2026-05-11,wx.ercot_houston.cdd,3.750629613071119,degC-day,demo,2026-05-11
2026-05-12,wx.ercot_houston.cdd,2.096326240947622,degC-day,demo,2026-05-12
2026-05-13,wx.ercot_houston.cdd,1.9046996331365165,degC-day,demo,2026-05-13
2026-05-14,wx.ercot_houston.cdd,6.972809756711666,degC-day,demo,2026-05-14
2026-05-15,wx.ercot_houston.cdd,4.503754092304995,degC-day,demo,2026-05-15
2026-05-18,wx.ercot_houston.cdd,3.587479088973428,degC-day,demo,2026-05-18
2026-05-19,wx.ercot_houston.cdd,0.0,degC-day,demo,2026-05-19
2026-05-20,wx.ercot_houston.cdd,3.2908345789220057,degC-day,demo,2026-05-20
2026-05-21,wx.ercot_houston.cdd,2.9707966092458555,degC-day,demo,2026-05-21
2026-05-22,wx.ercot_houston.cdd,4.686171690689115,degC-day,demo,2026-05-22
2026-05-25,wx.ercot_houston.cdd,2.7315207972321645,degC-day,demo,2026-05-25
2026-05-26,wx.ercot_houston.cdd,1.9384414248129185,degC-day,demo,2026-05-26
2026-05-27,wx.ercot_houston.cdd,2.7933318674523164,degC-day,demo,2026-05-27
2026-05-28,wx.ercot_houston.cdd,0.0,degC-day,demo,2026-05-28
2026-05-29,wx.ercot_houston.cdd,3.560628246349083,degC-day,demo,2026-05-29
2026-06-01,wx.ercot_houston.cdd,2.529161554754093,degC-day,demo,2026-06-01
2026-06-02,wx.ercot_houston.cdd,1.039999290074249,degC-day,demo,2026-06-02
2026-06-03,wx.ercot_houston.cdd,4.152661374864405,degC-day,demo,2026-06-03
2026-06-04,wx.ercot_houston.cdd,4.969070424930102,degC-day,demo,2026-06-04
2026-06-05,wx.ercot_houston.cdd,0.2613162098638568,degC-day,demo,2026-06-05
2026-06-08,wx.ercot_houston.cdd,1.49381207728387,degC-day,demo,2026-06-08
2026-06-09,wx.ercot_houston.cdd,3.076490635054409,degC-day,demo,2026-06-09
2026-06-10,wx.ercot_houston.cdd,3.0782067160823985,degC-day,demo,2026-06-10
2026-06-11,wx.ercot_houston.cdd,2.385009094421484,degC-day,demo,2026-06-11
2026-06-12,wx.ercot_houston.cdd,1.7165224869646565,degC-day,demo,2026-06-12
2026-06-15,wx.ercot_houston.cdd,6.568041085043255,degC-day,demo,2026-06-15
2026-06-16,wx.ercot_houston.cdd,5.166246602746227,degC-day,demo,2026-06-16
2026-06-17,wx.ercot_houston.cdd,2.0538359528926087,degC-day,demo,2026-06-17
2026-06-18,wx.ercot_houston.cdd,2.073669545480328,degC-day,demo,2026-06-18
2026-06-19,wx.ercot_houston.cdd,6.90161165852539,degC-day,demo,2026-06-19
2026-06-22,wx.ercot_houston.cdd,6.094810007869334,degC-day,demo,2026-06-22
2026-06-23,wx.ercot_houston.cdd,7.613793918109991,degC-day,demo,2026-06-23
2026-06-24,wx.ercot_houston.cdd,6.374504220504768,degC-day,demo,2026-06-24
2026-06-25,wx.ercot_houston.cdd,4.132414508176332,degC-day,demo,2026-06-25
2026-06-26,wx.ercot_houston.cdd,6.1156178400878005,degC-day,demo,2026-06-26
2026-06-29,wx.ercot_houston.cdd,2.770022278503241,degC-day,demo,2026-06-29
2026-06-30,wx.ercot_houston.cdd,5.17338234355136,degC-day,demo,2026-06-30
2026-02-25,wx.ercot_houston.hdd,0.0,degC-day,demo,2026-02-25
2026-02-26,wx.ercot_houston.hdd,0.0,degC-day,demo,2026-02-26
2026-02-27,wx.ercot_houston.hdd,0.0,degC-day,demo,2026-02-27
2026-03-02,wx.ercot_houston.hdd,0.0,degC-day,demo,2026-03-02
2026-03-03,wx.ercot_houston.hdd,0.0,degC-day,demo,2026-03-03
2026-03-04,wx.ercot_houston.hdd,0.0,degC-day,demo,2026-03-04
2026-03-05,wx.ercot_houston.hdd,0.0,degC-day,demo,2026-03-05
2026-03-06,wx.ercot_houston.hdd,0.0,degC-day,demo,2026-03-06
2026-03-09,wx.ercot_houston.hdd,0.0,degC-day,demo,2026-03-09
2026-03-10,wx.ercot_houston.hdd,0.0,degC-day,demo,2026-03-10
2026-03-11,wx.ercot_houston.hdd,0.0,degC-day,demo,2026-03-11
2026-03-12,wx.ercot_houston.hdd,0.0,degC-day,demo,2026-03-12
2026-03-13,wx.ercot_houston.hdd,0.0,degC-day,demo,2026-03-13
2026-03-16,wx.ercot_houston.hdd,0.0,degC-day,demo,2026-03-16
2026-03-17,wx.ercot_houston.hdd,0.0,degC-day,demo,2026-03-17
2026-03-18,wx.ercot_houston.hdd,0.0,degC-day,demo,2026-03-18
2026-03-19,wx.ercot_houston.hdd,0.0,degC-day,demo,2026-03-19
2026-03-20,wx.ercot_houston.hdd,0.0,degC-day,demo,2026-03-20
2026-03-23,wx.ercot_houston.hdd,0.0,degC-day,demo,2026-03-23
2026-03-24,wx.ercot_houston.hdd,0.0,degC-day,demo,2026-03-24
2026-03-25,wx.ercot_houston.hdd,0.0,degC-day,demo,2026-03-25
2026-03-26,wx.ercot_houston.hdd,0.0,degC-day,demo,2026-03-26
2026-03-27,wx.ercot_houston.hdd,0.0,degC-day,demo,2026-03-27
2026-03-30,wx.ercot_houston.hdd,0.0,degC-day,demo,2026-03-30
2026-03-31,wx.ercot_houston.hdd,0.0,degC-day,demo,2026-03-31
2026-04-01,wx.ercot_houston.hdd,0.0,degC-day,demo,2026-04-01
2026-04-02,wx.ercot_houston.hdd,0.0,degC-day,demo,2026-04-02
2026-04-03,wx.ercot_houston.hdd,0.0,degC-day,demo,2026-04-03
2026-04-06,wx.ercot_houston.hdd,0.0,degC-day,demo,2026-04-06
2026-04-07,wx.ercot_houston.hdd,0.0,degC-day,demo,2026-04-07
2026-04-08,wx.ercot_houston.hdd,0.0,degC-day,demo,2026-04-08
2026-04-09,wx.ercot_houston.hdd,0.0,degC-day,demo,2026-04-09
2026-04-10,wx.ercot_houston.hdd,0.0,degC-day,demo,2026-04-10
2026-04-13,wx.ercot_houston.hdd,0.0,degC-day,demo,2026-04-13
2026-04-14,wx.ercot_houston.hdd,0.0,degC-day,demo,2026-04-14
2026-04-15,wx.ercot_houston.hdd,0.0,degC-day,demo,2026-04-15
2026-04-16,wx.ercot_houston.hdd,0.0,degC-day,demo,2026-04-16
2026-04-17,wx.ercot_houston.hdd,0.0,degC-day,demo,2026-04-17
2026-04-20,wx.ercot_houston.hdd,0.0,degC-day,demo,2026-04-20
2026-04-21,wx.ercot_houston.hdd,0.0,degC-day,demo,2026-04-21
2026-04-22,wx.ercot_houston.hdd,0.0,degC-day,demo,2026-04-22
2026-04-23,wx.ercot_houston.hdd,0.0,degC-day,demo,2026-04-23
2026-04-24,wx.ercot_houston.hdd,0.0,degC-day,demo,2026-04-24
2026-04-27,wx.ercot_houston.hdd,0.0,degC-day,demo,2026-04-27
2026-04-28,wx.ercot_houston.hdd,0.0,degC-day,demo,2026-04-28
2026-04-29,wx.ercot_houston.hdd,0.0,degC-day,demo,2026-04-29
2026-04-30,wx.ercot_houston.hdd,0.0,degC-day,demo,2026-04-30
2026-05-01,wx.ercot_houston.hdd,0.0,degC-day,demo,2026-05-01
2026-05-04,wx.ercot_houston.hdd,0.0,degC-day,demo,2026-05-04
2026-05-05,wx.ercot_houston.hdd,0.0,degC-day,demo,2026-05-05
2026-05-06,wx.ercot_houston.hdd,0.0,degC-day,demo,2026-05-06
2026-05-07,wx.ercot_houston.hdd,0.0,degC-day,demo,2026-05-07
2026-05-08,wx.ercot_houston.hdd,0.0,degC-day,demo,2026-05-08
2026-05-11,wx.ercot_houston.hdd,0.0,degC-day,demo,2026-05-11
2026-05-12,wx.ercot_houston.hdd,0.0,degC-day,demo,2026-05-12
2026-05-13,wx.ercot_houston.hdd,0.0,degC-day,demo,2026-05-13
2026-05-14,wx.ercot_houston.hdd,0.0,degC-day,demo,2026-05-14
2026-05-15,wx.ercot_houston.hdd,0.0,degC-day,demo,2026-05-15
2026-05-18,wx.ercot_houston.hdd,0.0,degC-day,demo,2026-05-18
2026-05-19,wx.ercot_houston.hdd,1.4033396488256216,degC-day,demo,2026-05-19
2026-05-20,wx.ercot_houston.hdd,0.0,degC-day,demo,2026-05-20
2026-05-21,wx.ercot_houston.hdd,0.0,degC-day,demo,2026-05-21
2026-05-22,wx.ercot_houston.hdd,0.0,degC-day,demo,2026-05-22
2026-05-25,wx.ercot_houston.hdd,0.0,degC-day,demo,2026-05-25
2026-05-26,wx.ercot_houston.hdd,0.0,degC-day,demo,2026-05-26
2026-05-27,wx.ercot_houston.hdd,0.0,degC-day,demo,2026-05-27
2026-05-28,wx.ercot_houston.hdd,0.9163054744475864,degC-day,demo,2026-05-28
2026-05-29,wx.ercot_houston.hdd,0.0,degC-day,demo,2026-05-29
2026-06-01,wx.ercot_houston.hdd,0.0,degC-day,demo,2026-06-01
2026-06-02,wx.ercot_houston.hdd,0.0,degC-day,demo,2026-06-02
2026-06-03,wx.ercot_houston.hdd,0.0,degC-day,demo,2026-06-03
2026-06-04,wx.ercot_houston.hdd,0.0,degC-day,demo,2026-06-04
2026-06-05,wx.ercot_houston.hdd,0.0,degC-day,demo,2026-06-05
2026-06-08,wx.ercot_houston.hdd,0.0,degC-day,demo,2026-06-08
2026-06-09,wx.ercot_houston.hdd,0.0,degC-day,demo,2026-06-09
2026-06-10,wx.ercot_houston.hdd,0.0,degC-day,demo,2026-06-10
2026-06-11,wx.ercot_houston.hdd,0.0,degC-day,demo,2026-06-11
2026-06-12,wx.ercot_houston.hdd,0.0,degC-day,demo,2026-06-12
2026-06-15,wx.ercot_houston.hdd,0.0,degC-day,demo,2026-06-15
2026-06-16,wx.ercot_houston.hdd,0.0,degC-day,demo,2026-06-16
2026-06-17,wx.ercot_houston.hdd,0.0,degC-day,demo,2026-06-17
2026-06-18,wx.ercot_houston.hdd,0.0,degC-day,demo,2026-06-18
2026-06-19,wx.ercot_houston.hdd,0.0,degC-day,demo,2026-06-19
2026-06-22,wx.ercot_houston.hdd,0.0,degC-day,demo,2026-06-22
2026-06-23,wx.ercot_houston.hdd,0.0,degC-day,demo,2026-06-23
2026-06-24,wx.ercot_houston.hdd,0.0,degC-day,demo,2026-06-24
2026-06-25,wx.ercot_houston.hdd,0.0,degC-day,demo,2026-06-25
2026-06-26,wx.ercot_houston.hdd,0.0,degC-day,demo,2026-06-26
2026-06-29,wx.ercot_houston.hdd,0.0,degC-day,demo,2026-06-29
2026-06-30,wx.ercot_houston.hdd,0.0,degC-day,demo,2026-06-30
2026-02-25,wx.ercot_houston.shortwave,523.7,W/m2,demo,2026-02-25
2026-02-26,wx.ercot_houston.shortwave,458.5,W/m2,demo,2026-02-26
2026-02-27,wx.ercot_houston.shortwave,500.2,W/m2,demo,2026-02-27
2026-03-02,wx.ercot_houston.shortwave,448.4,W/m2,demo,2026-03-02
2026-03-03,wx.ercot_houston.shortwave,565.7,W/m2,demo,2026-03-03
2026-03-04,wx.ercot_houston.shortwave,584.9,W/m2,demo,2026-03-04
2026-03-05,wx.ercot_houston.shortwave,484.3,W/m2,demo,2026-03-05
2026-03-06,wx.ercot_houston.shortwave,570.2,W/m2,demo,2026-03-06
2026-03-09,wx.ercot_houston.shortwave,609.1,W/m2,demo,2026-03-09
2026-03-10,wx.ercot_houston.shortwave,524.4,W/m2,demo,2026-03-10
2026-03-11,wx.ercot_houston.shortwave,532.2,W/m2,demo,2026-03-11
2026-03-12,wx.ercot_houston.shortwave,572.2,W/m2,demo,2026-03-12
2026-03-13,wx.ercot_houston.shortwave,598.4,W/m2,demo,2026-03-13
2026-03-16,wx.ercot_houston.shortwave,575.4,W/m2,demo,2026-03-16
2026-03-17,wx.ercot_houston.shortwave,639.8,W/m2,demo,2026-03-17
2026-03-18,wx.ercot_houston.shortwave,654.6,W/m2,demo,2026-03-18
2026-03-19,wx.ercot_houston.shortwave,675.1,W/m2,demo,2026-03-19
2026-03-20,wx.ercot_houston.shortwave,681.9,W/m2,demo,2026-03-20
2026-03-23,wx.ercot_houston.shortwave,717.0,W/m2,demo,2026-03-23
2026-03-24,wx.ercot_houston.shortwave,705.5,W/m2,demo,2026-03-24
2026-03-25,wx.ercot_houston.shortwave,607.4,W/m2,demo,2026-03-25
2026-03-26,wx.ercot_houston.shortwave,639.6,W/m2,demo,2026-03-26
2026-03-27,wx.ercot_houston.shortwave,616.3,W/m2,demo,2026-03-27
2026-03-30,wx.ercot_houston.shortwave,613.4,W/m2,demo,2026-03-30
2026-03-31,wx.ercot_houston.shortwave,650.0,W/m2,demo,2026-03-31
2026-04-01,wx.ercot_houston.shortwave,649.2,W/m2,demo,2026-04-01
2026-04-02,wx.ercot_houston.shortwave,663.3,W/m2,demo,2026-04-02
2026-04-03,wx.ercot_houston.shortwave,574.0,W/m2,demo,2026-04-03
2026-04-06,wx.ercot_houston.shortwave,580.8,W/m2,demo,2026-04-06
2026-04-07,wx.ercot_houston.shortwave,621.3,W/m2,demo,2026-04-07
2026-04-08,wx.ercot_houston.shortwave,605.3,W/m2,demo,2026-04-08
2026-04-09,wx.ercot_houston.shortwave,591.2,W/m2,demo,2026-04-09
2026-04-10,wx.ercot_houston.shortwave,590.7,W/m2,demo,2026-04-10
2026-04-13,wx.ercot_houston.shortwave,551.7,W/m2,demo,2026-04-13
2026-04-14,wx.ercot_houston.shortwave,598.5,W/m2,demo,2026-04-14
2026-04-15,wx.ercot_houston.shortwave,572.3,W/m2,demo,2026-04-15
2026-04-16,wx.ercot_houston.shortwave,542.0,W/m2,demo,2026-04-16
2026-04-17,wx.ercot_houston.shortwave,505.5,W/m2,demo,2026-04-17
2026-04-20,wx.ercot_houston.shortwave,512.1,W/m2,demo,2026-04-20
2026-04-21,wx.ercot_houston.shortwave,396.5,W/m2,demo,2026-04-21
2026-04-22,wx.ercot_houston.shortwave,452.4,W/m2,demo,2026-04-22
2026-04-23,wx.ercot_houston.shortwave,479.3,W/m2,demo,2026-04-23
2026-04-24,wx.ercot_houston.shortwave,403.8,W/m2,demo,2026-04-24
2026-04-27,wx.ercot_houston.shortwave,458.2,W/m2,demo,2026-04-27
2026-04-28,wx.ercot_houston.shortwave,442.6,W/m2,demo,2026-04-28
2026-04-29,wx.ercot_houston.shortwave,368.3,W/m2,demo,2026-04-29
2026-04-30,wx.ercot_houston.shortwave,400.4,W/m2,demo,2026-04-30
2026-05-01,wx.ercot_houston.shortwave,385.3,W/m2,demo,2026-05-01
2026-05-04,wx.ercot_houston.shortwave,404.2,W/m2,demo,2026-05-04
2026-05-05,wx.ercot_houston.shortwave,398.8,W/m2,demo,2026-05-05
2026-05-06,wx.ercot_houston.shortwave,362.0,W/m2,demo,2026-05-06
2026-05-07,wx.ercot_houston.shortwave,319.2,W/m2,demo,2026-05-07
2026-05-08,wx.ercot_houston.shortwave,338.0,W/m2,demo,2026-05-08
2026-05-11,wx.ercot_houston.shortwave,332.5,W/m2,demo,2026-05-11
2026-05-12,wx.ercot_houston.shortwave,356.7,W/m2,demo,2026-05-12
2026-05-13,wx.ercot_houston.shortwave,332.2,W/m2,demo,2026-05-13
2026-05-14,wx.ercot_houston.shortwave,285.6,W/m2,demo,2026-05-14
2026-05-15,wx.ercot_houston.shortwave,255.4,W/m2,demo,2026-05-15
2026-05-18,wx.ercot_houston.shortwave,290.7,W/m2,demo,2026-05-18
2026-05-19,wx.ercot_houston.shortwave,273.1,W/m2,demo,2026-05-19
2026-05-20,wx.ercot_houston.shortwave,256.4,W/m2,demo,2026-05-20
2026-05-21,wx.ercot_houston.shortwave,295.4,W/m2,demo,2026-05-21
2026-05-22,wx.ercot_houston.shortwave,280.6,W/m2,demo,2026-05-22
2026-05-25,wx.ercot_houston.shortwave,305.8,W/m2,demo,2026-05-25
2026-05-26,wx.ercot_houston.shortwave,324.9,W/m2,demo,2026-05-26
2026-05-27,wx.ercot_houston.shortwave,290.9,W/m2,demo,2026-05-27
2026-05-28,wx.ercot_houston.shortwave,404.8,W/m2,demo,2026-05-28
2026-05-29,wx.ercot_houston.shortwave,304.4,W/m2,demo,2026-05-29
2026-06-01,wx.ercot_houston.shortwave,367.7,W/m2,demo,2026-06-01
2026-06-02,wx.ercot_houston.shortwave,335.8,W/m2,demo,2026-06-02
2026-06-03,wx.ercot_houston.shortwave,383.8,W/m2,demo,2026-06-03
2026-06-04,wx.ercot_houston.shortwave,253.2,W/m2,demo,2026-06-04
2026-06-05,wx.ercot_houston.shortwave,327.9,W/m2,demo,2026-06-05
2026-06-08,wx.ercot_houston.shortwave,378.4,W/m2,demo,2026-06-08
2026-06-09,wx.ercot_houston.shortwave,403.8,W/m2,demo,2026-06-09
2026-06-10,wx.ercot_houston.shortwave,485.0,W/m2,demo,2026-06-10
2026-06-11,wx.ercot_houston.shortwave,416.7,W/m2,demo,2026-06-11
2026-06-12,wx.ercot_houston.shortwave,467.8,W/m2,demo,2026-06-12
2026-06-15,wx.ercot_houston.shortwave,460.4,W/m2,demo,2026-06-15
2026-06-16,wx.ercot_houston.shortwave,481.0,W/m2,demo,2026-06-16
2026-06-17,wx.ercot_houston.shortwave,477.2,W/m2,demo,2026-06-17
2026-06-18,wx.ercot_houston.shortwave,464.3,W/m2,demo,2026-06-18
2026-06-19,wx.ercot_houston.shortwave,504.8,W/m2,demo,2026-06-19
2026-06-22,wx.ercot_houston.shortwave,455.1,W/m2,demo,2026-06-22
2026-06-23,wx.ercot_houston.shortwave,559.2,W/m2,demo,2026-06-23
2026-06-24,wx.ercot_houston.shortwave,484.8,W/m2,demo,2026-06-24
2026-06-25,wx.ercot_houston.shortwave,548.7,W/m2,demo,2026-06-25
2026-06-26,wx.ercot_houston.shortwave,636.4,W/m2,demo,2026-06-26
2026-06-29,wx.ercot_houston.shortwave,555.1,W/m2,demo,2026-06-29
2026-06-30,wx.ercot_houston.shortwave,576.8,W/m2,demo,2026-06-30
2026-02-25,wx.ercot_houston.wind100m,6.9529,m/s,demo,2026-02-25
2026-02-26,wx.ercot_houston.wind100m,7.3781,m/s,demo,2026-02-26
2026-02-27,wx.ercot_houston.wind100m,6.7394,m/s,demo,2026-02-27
2026-03-02,wx.ercot_houston.wind100m,6.6791,m/s,demo,2026-03-02
2026-03-03,wx.ercot_houston.wind100m,7.0941,m/s,demo,2026-03-03
2026-03-04,wx.ercot_houston.wind100m,7.3813,m/s,demo,2026-03-04
2026-03-05,wx.ercot_houston.wind100m,7.8345,m/s,demo,2026-03-05
2026-03-06,wx.ercot_houston.wind100m,7.8765,m/s,demo,2026-03-06
2026-03-09,wx.ercot_houston.wind100m,7.4859,m/s,demo,2026-03-09
2026-03-10,wx.ercot_houston.wind100m,8.0443,m/s,demo,2026-03-10
2026-03-11,wx.ercot_houston.wind100m,7.9272,m/s,demo,2026-03-11
2026-03-12,wx.ercot_houston.wind100m,7.1272,m/s,demo,2026-03-12
2026-03-13,wx.ercot_houston.wind100m,6.6074,m/s,demo,2026-03-13
2026-03-16,wx.ercot_houston.wind100m,6.666,m/s,demo,2026-03-16
2026-03-17,wx.ercot_houston.wind100m,6.6284,m/s,demo,2026-03-17
2026-03-18,wx.ercot_houston.wind100m,6.8098,m/s,demo,2026-03-18
2026-03-19,wx.ercot_houston.wind100m,6.8379,m/s,demo,2026-03-19
2026-03-20,wx.ercot_houston.wind100m,7.0029,m/s,demo,2026-03-20
2026-03-23,wx.ercot_houston.wind100m,6.895,m/s,demo,2026-03-23
2026-03-24,wx.ercot_houston.wind100m,5.904,m/s,demo,2026-03-24
2026-03-25,wx.ercot_houston.wind100m,6.4055,m/s,demo,2026-03-25
2026-03-26,wx.ercot_houston.wind100m,7.3376,m/s,demo,2026-03-26
2026-03-27,wx.ercot_houston.wind100m,7.6347,m/s,demo,2026-03-27
2026-03-30,wx.ercot_houston.wind100m,7.3881,m/s,demo,2026-03-30
2026-03-31,wx.ercot_houston.wind100m,7.687,m/s,demo,2026-03-31
2026-04-01,wx.ercot_houston.wind100m,6.8114,m/s,demo,2026-04-01
2026-04-02,wx.ercot_houston.wind100m,5.3228,m/s,demo,2026-04-02
2026-04-03,wx.ercot_houston.wind100m,5.622,m/s,demo,2026-04-03
2026-04-06,wx.ercot_houston.wind100m,5.0843,m/s,demo,2026-04-06
2026-04-07,wx.ercot_houston.wind100m,5.9636,m/s,demo,2026-04-07
2026-04-08,wx.ercot_houston.wind100m,5.2518,m/s,demo,2026-04-08
2026-04-09,wx.ercot_houston.wind100m,3.4112,m/s,demo,2026-04-09
2026-04-10,wx.ercot_houston.wind100m,3.1179,m/s,demo,2026-04-10
2026-04-13,wx.ercot_houston.wind100m,4.9627,m/s,demo,2026-04-13
2026-04-14,wx.ercot_houston.wind100m,4.9628,m/s,demo,2026-04-14
2026-04-15,wx.ercot_houston.wind100m,4.1729,m/s,demo,2026-04-15
2026-04-16,wx.ercot_houston.wind100m,3.9863,m/s,demo,2026-04-16
2026-04-17,wx.ercot_houston.wind100m,4.855,m/s,demo,2026-04-17
2026-04-20,wx.ercot_houston.wind100m,5.5743,m/s,demo,2026-04-20
2026-04-21,wx.ercot_houston.wind100m,5.9295,m/s,demo,2026-04-21
2026-04-22,wx.ercot_houston.wind100m,7.2772,m/s,demo,2026-04-22
2026-04-23,wx.ercot_houston.wind100m,7.8008,m/s,demo,2026-04-23
2026-04-24,wx.ercot_houston.wind100m,7.6639,m/s,demo,2026-04-24
2026-04-27,wx.ercot_houston.wind100m,8.0417,m/s,demo,2026-04-27
2026-04-28,wx.ercot_houston.wind100m,9.2091,m/s,demo,2026-04-28
2026-04-29,wx.ercot_houston.wind100m,9.6548,m/s,demo,2026-04-29
2026-04-30,wx.ercot_houston.wind100m,10.0755,m/s,demo,2026-04-30
2026-05-01,wx.ercot_houston.wind100m,8.7479,m/s,demo,2026-05-01
2026-05-04,wx.ercot_houston.wind100m,8.367,m/s,demo,2026-05-04
2026-05-05,wx.ercot_houston.wind100m,8.7458,m/s,demo,2026-05-05
2026-05-06,wx.ercot_houston.wind100m,8.2468,m/s,demo,2026-05-06
2026-05-07,wx.ercot_houston.wind100m,8.9149,m/s,demo,2026-05-07
2026-05-08,wx.ercot_houston.wind100m,9.1047,m/s,demo,2026-05-08
2026-05-11,wx.ercot_houston.wind100m,9.5156,m/s,demo,2026-05-11
2026-05-12,wx.ercot_houston.wind100m,8.9684,m/s,demo,2026-05-12
2026-05-13,wx.ercot_houston.wind100m,10.7102,m/s,demo,2026-05-13
2026-05-14,wx.ercot_houston.wind100m,11.1457,m/s,demo,2026-05-14
2026-05-15,wx.ercot_houston.wind100m,10.3515,m/s,demo,2026-05-15
2026-05-18,wx.ercot_houston.wind100m,9.9212,m/s,demo,2026-05-18
2026-05-19,wx.ercot_houston.wind100m,11.5592,m/s,demo,2026-05-19
2026-05-20,wx.ercot_houston.wind100m,10.6008,m/s,demo,2026-05-20
2026-05-21,wx.ercot_houston.wind100m,10.76,m/s,demo,2026-05-21
2026-05-22,wx.ercot_houston.wind100m,10.9803,m/s,demo,2026-05-22
2026-05-25,wx.ercot_houston.wind100m,10.3885,m/s,demo,2026-05-25
2026-05-26,wx.ercot_houston.wind100m,8.9466,m/s,demo,2026-05-26
2026-05-27,wx.ercot_houston.wind100m,8.8046,m/s,demo,2026-05-27
2026-05-28,wx.ercot_houston.wind100m,8.8214,m/s,demo,2026-05-28
2026-05-29,wx.ercot_houston.wind100m,9.4519,m/s,demo,2026-05-29
2026-06-01,wx.ercot_houston.wind100m,9.7105,m/s,demo,2026-06-01
2026-06-02,wx.ercot_houston.wind100m,9.3234,m/s,demo,2026-06-02
2026-06-03,wx.ercot_houston.wind100m,9.6577,m/s,demo,2026-06-03
2026-06-04,wx.ercot_houston.wind100m,9.6909,m/s,demo,2026-06-04
2026-06-05,wx.ercot_houston.wind100m,9.4521,m/s,demo,2026-06-05
2026-06-08,wx.ercot_houston.wind100m,9.1285,m/s,demo,2026-06-08
2026-06-09,wx.ercot_houston.wind100m,8.6145,m/s,demo,2026-06-09
2026-06-10,wx.ercot_houston.wind100m,8.9213,m/s,demo,2026-06-10
2026-06-11,wx.ercot_houston.wind100m,7.7897,m/s,demo,2026-06-11
2026-06-12,wx.ercot_houston.wind100m,7.1683,m/s,demo,2026-06-12
2026-06-15,wx.ercot_houston.wind100m,7.147,m/s,demo,2026-06-15
2026-06-16,wx.ercot_houston.wind100m,5.9538,m/s,demo,2026-06-16
2026-06-17,wx.ercot_houston.wind100m,5.762,m/s,demo,2026-06-17
2026-06-18,wx.ercot_houston.wind100m,4.3407,m/s,demo,2026-06-18
2026-06-19,wx.ercot_houston.wind100m,4.1933,m/s,demo,2026-06-19
2026-06-22,wx.ercot_houston.wind100m,5.069,m/s,demo,2026-06-22
2026-06-23,wx.ercot_houston.wind100m,5.8118,m/s,demo,2026-06-23
2026-06-24,wx.ercot_houston.wind100m,5.9464,m/s,demo,2026-06-24
2026-06-25,wx.ercot_houston.wind100m,5.9187,m/s,demo,2026-06-25
2026-06-26,wx.ercot_houston.wind100m,4.9475,m/s,demo,2026-06-26
2026-06-29,wx.ercot_houston.wind100m,6.7176,m/s,demo,2026-06-29
2026-06-30,wx.ercot_houston.wind100m,7.1727,m/s,demo,2026-06-30
2026-02-25,wx.nl_rotterdam.cdd,0.0,degC-day,demo,2026-02-25
2026-02-26,wx.nl_rotterdam.cdd,0.0,degC-day,demo,2026-02-26
2026-02-27,wx.nl_rotterdam.cdd,0.0,degC-day,demo,2026-02-27
2026-03-02,wx.nl_rotterdam.cdd,0.0,degC-day,demo,2026-03-02
2026-03-03,wx.nl_rotterdam.cdd,0.0,degC-day,demo,2026-03-03
2026-03-04,wx.nl_rotterdam.cdd,0.0,degC-day,demo,2026-03-04
2026-03-05,wx.nl_rotterdam.cdd,0.0,degC-day,demo,2026-03-05
2026-03-06,wx.nl_rotterdam.cdd,0.0,degC-day,demo,2026-03-06
2026-03-09,wx.nl_rotterdam.cdd,0.0,degC-day,demo,2026-03-09
2026-03-10,wx.nl_rotterdam.cdd,0.0,degC-day,demo,2026-03-10
2026-03-11,wx.nl_rotterdam.cdd,0.0,degC-day,demo,2026-03-11
2026-03-12,wx.nl_rotterdam.cdd,0.0,degC-day,demo,2026-03-12
2026-03-13,wx.nl_rotterdam.cdd,0.0,degC-day,demo,2026-03-13
2026-03-16,wx.nl_rotterdam.cdd,0.0,degC-day,demo,2026-03-16
2026-03-17,wx.nl_rotterdam.cdd,0.0,degC-day,demo,2026-03-17
2026-03-18,wx.nl_rotterdam.cdd,0.0,degC-day,demo,2026-03-18
2026-03-19,wx.nl_rotterdam.cdd,0.0,degC-day,demo,2026-03-19
2026-03-20,wx.nl_rotterdam.cdd,0.0,degC-day,demo,2026-03-20
2026-03-23,wx.nl_rotterdam.cdd,0.0,degC-day,demo,2026-03-23
2026-03-24,wx.nl_rotterdam.cdd,0.0,degC-day,demo,2026-03-24
2026-03-25,wx.nl_rotterdam.cdd,0.0,degC-day,demo,2026-03-25
2026-03-26,wx.nl_rotterdam.cdd,0.0,degC-day,demo,2026-03-26
2026-03-27,wx.nl_rotterdam.cdd,0.0,degC-day,demo,2026-03-27
2026-03-30,wx.nl_rotterdam.cdd,0.0,degC-day,demo,2026-03-30
2026-03-31,wx.nl_rotterdam.cdd,0.0,degC-day,demo,2026-03-31
2026-04-01,wx.nl_rotterdam.cdd,0.151612224949396,degC-day,demo,2026-04-01
2026-04-02,wx.nl_rotterdam.cdd,0.0,degC-day,demo,2026-04-02
2026-04-03,wx.nl_rotterdam.cdd,0.0,degC-day,demo,2026-04-03
2026-04-06,wx.nl_rotterdam.cdd,0.0,degC-day,demo,2026-04-06
2026-04-07,wx.nl_rotterdam.cdd,0.0,degC-day,demo,2026-04-07
2026-04-08,wx.nl_rotterdam.cdd,0.0,degC-day,demo,2026-04-08
2026-04-09,wx.nl_rotterdam.cdd,0.0,degC-day,demo,2026-04-09
2026-04-10,wx.nl_rotterdam.cdd,0.0,degC-day,demo,2026-04-10
2026-04-13,wx.nl_rotterdam.cdd,0.0,degC-day,demo,2026-04-13
2026-04-14,wx.nl_rotterdam.cdd,0.0,degC-day,demo,2026-04-14
2026-04-15,wx.nl_rotterdam.cdd,0.0,degC-day,demo,2026-04-15
2026-04-16,wx.nl_rotterdam.cdd,0.0,degC-day,demo,2026-04-16
2026-04-17,wx.nl_rotterdam.cdd,0.0,degC-day,demo,2026-04-17
2026-04-20,wx.nl_rotterdam.cdd,0.0,degC-day,demo,2026-04-20
2026-04-21,wx.nl_rotterdam.cdd,0.0,degC-day,demo,2026-04-21
2026-04-22,wx.nl_rotterdam.cdd,0.0,degC-day,demo,2026-04-22
2026-04-23,wx.nl_rotterdam.cdd,0.0,degC-day,demo,2026-04-23
2026-04-24,wx.nl_rotterdam.cdd,0.0,degC-day,demo,2026-04-24
2026-04-27,wx.nl_rotterdam.cdd,0.0,degC-day,demo,2026-04-27
2026-04-28,wx.nl_rotterdam.cdd,0.0,degC-day,demo,2026-04-28
2026-04-29,wx.nl_rotterdam.cdd,0.0,degC-day,demo,2026-04-29
2026-04-30,wx.nl_rotterdam.cdd,0.0,degC-day,demo,2026-04-30
2026-05-01,wx.nl_rotterdam.cdd,0.0,degC-day,demo,2026-05-01
2026-05-04,wx.nl_rotterdam.cdd,0.0,degC-day,demo,2026-05-04
2026-05-05,wx.nl_rotterdam.cdd,0.0,degC-day,demo,2026-05-05
2026-05-06,wx.nl_rotterdam.cdd,0.0,degC-day,demo,2026-05-06
2026-05-07,wx.nl_rotterdam.cdd,0.0,degC-day,demo,2026-05-07
2026-05-08,wx.nl_rotterdam.cdd,0.0,degC-day,demo,2026-05-08
2026-05-11,wx.nl_rotterdam.cdd,0.0,degC-day,demo,2026-05-11
2026-05-12,wx.nl_rotterdam.cdd,0.0,degC-day,demo,2026-05-12
2026-05-13,wx.nl_rotterdam.cdd,0.0,degC-day,demo,2026-05-13
2026-05-14,wx.nl_rotterdam.cdd,0.0,degC-day,demo,2026-05-14
2026-05-15,wx.nl_rotterdam.cdd,0.0,degC-day,demo,2026-05-15
2026-05-18,wx.nl_rotterdam.cdd,0.0,degC-day,demo,2026-05-18
2026-05-19,wx.nl_rotterdam.cdd,0.0,degC-day,demo,2026-05-19
2026-05-20,wx.nl_rotterdam.cdd,0.0,degC-day,demo,2026-05-20
2026-05-21,wx.nl_rotterdam.cdd,0.0,degC-day,demo,2026-05-21
2026-05-22,wx.nl_rotterdam.cdd,0.0,degC-day,demo,2026-05-22
2026-05-25,wx.nl_rotterdam.cdd,0.0,degC-day,demo,2026-05-25
2026-05-26,wx.nl_rotterdam.cdd,0.0,degC-day,demo,2026-05-26
2026-05-27,wx.nl_rotterdam.cdd,0.0,degC-day,demo,2026-05-27
2026-05-28,wx.nl_rotterdam.cdd,0.0,degC-day,demo,2026-05-28
2026-05-29,wx.nl_rotterdam.cdd,0.0,degC-day,demo,2026-05-29
2026-06-01,wx.nl_rotterdam.cdd,0.0,degC-day,demo,2026-06-01
2026-06-02,wx.nl_rotterdam.cdd,0.0,degC-day,demo,2026-06-02
2026-06-03,wx.nl_rotterdam.cdd,0.0,degC-day,demo,2026-06-03
2026-06-04,wx.nl_rotterdam.cdd,0.0,degC-day,demo,2026-06-04
2026-06-05,wx.nl_rotterdam.cdd,0.0,degC-day,demo,2026-06-05
2026-06-08,wx.nl_rotterdam.cdd,0.0,degC-day,demo,2026-06-08
2026-06-09,wx.nl_rotterdam.cdd,0.0,degC-day,demo,2026-06-09
2026-06-10,wx.nl_rotterdam.cdd,0.0,degC-day,demo,2026-06-10
2026-06-11,wx.nl_rotterdam.cdd,0.0,degC-day,demo,2026-06-11
2026-06-12,wx.nl_rotterdam.cdd,0.0,degC-day,demo,2026-06-12
2026-06-15,wx.nl_rotterdam.cdd,0.0,degC-day,demo,2026-06-15
2026-06-16,wx.nl_rotterdam.cdd,0.0,degC-day,demo,2026-06-16
2026-06-17,wx.nl_rotterdam.cdd,0.0,degC-day,demo,2026-06-17
2026-06-18,wx.nl_rotterdam.cdd,0.0,degC-day,demo,2026-06-18
2026-06-19,wx.nl_rotterdam.cdd,0.0,degC-day,demo,2026-06-19
2026-06-22,wx.nl_rotterdam.cdd,0.0,degC-day,demo,2026-06-22
2026-06-23,wx.nl_rotterdam.cdd,0.0,degC-day,demo,2026-06-23
2026-06-24,wx.nl_rotterdam.cdd,0.0,degC-day,demo,2026-06-24
2026-06-25,wx.nl_rotterdam.cdd,0.0,degC-day,demo,2026-06-25
2026-06-26,wx.nl_rotterdam.cdd,0.0,degC-day,demo,2026-06-26
2026-06-29,wx.nl_rotterdam.cdd,0.0,degC-day,demo,2026-06-29
2026-06-30,wx.nl_rotterdam.cdd,0.0,degC-day,demo,2026-06-30
2026-02-25,wx.nl_rotterdam.hdd,6.680264571266145,degC-day,demo,2026-02-25
2026-02-26,wx.nl_rotterdam.hdd,4.754895639750041,degC-day,demo,2026-02-26
2026-02-27,wx.nl_rotterdam.hdd,7.289560203022045,degC-day,demo,2026-02-27
2026-03-02,wx.nl_rotterdam.hdd,6.687716717462706,degC-day,demo,2026-03-02
2026-03-03,wx.nl_rotterdam.hdd,7.084601522507532,degC-day,demo,2026-03-03
2026-03-04,wx.nl_rotterdam.hdd,6.797383447236939,degC-day,demo,2026-03-04
2026-03-05,wx.nl_rotterdam.hdd,3.0037281613762445,degC-day,demo,2026-03-05
2026-03-06,wx.nl_rotterdam.hdd,2.44332391805057,degC-day,demo,2026-03-06
2026-03-09,wx.nl_rotterdam.hdd,4.802306241215264,degC-day,demo,2026-03-09
2026-03-10,wx.nl_rotterdam.hdd,3.7496999840549847,degC-day,demo,2026-03-10
2026-03-11,wx.nl_rotterdam.hdd,2.61670454098223,degC-day,demo,2026-03-11
2026-03-12,wx.nl_rotterdam.hdd,2.9594810793763617,degC-day,demo,2026-03-12
2026-03-13,wx.nl_rotterdam.hdd,2.1680735708422123,degC-day,demo,2026-03-13
2026-03-16,wx.nl_rotterdam.hdd,5.6913896990782185,degC-day,demo,2026-03-16
2026-03-17,wx.nl_rotterdam.hdd,4.593184913719178,degC-day,demo,2026-03-17
2026-03-18,wx.nl_rotterdam.hdd,2.8094758117050382,degC-day,demo,2026-03-18
2026-03-19,wx.nl_rotterdam.hdd,1.2077029730178914,degC-day,demo,2026-03-19
2026-03-20,wx.nl_rotterdam.hdd,3.0957322783587653,degC-day,demo,2026-03-20
2026-03-23,wx.nl_rotterdam.hdd,4.449100010429438,degC-day,demo,2026-03-23
2026-03-24,wx.nl_rotterdam.hdd,3.622713219353958,degC-day,demo,2026-03-24
2026-03-25,wx.nl_rotterdam.hdd,4.0312608335474405,degC-day,demo,2026-03-25
2026-03-26,wx.nl_rotterdam.hdd,4.29750722299347,degC-day,demo,2026-03-26
2026-03-27,wx.nl_rotterdam.hdd,0.7482259605838308,degC-day,demo,2026-03-27
2026-03-30,wx.nl_rotterdam.hdd,3.948785286091578,degC-day,demo,2026-03-30
2026-03-31,wx.nl_rotterdam.hdd,3.0104755636464144,degC-day,demo,2026-03-31
2026-04-01,wx.nl_rotterdam.hdd,0.0,degC-day,demo,2026-04-01
2026-04-02,wx.nl_rotterdam.hdd,1.3857935124220724,degC-day,demo,2026-04-02
2026-04-03,wx.nl_rotterdam.hdd,2.749060419760097,degC-day,demo,2026-04-03
2026-04-06,wx.nl_rotterdam.hdd,4.280634845281419,degC-day,demo,2026-04-06
2026-04-07,wx.nl_rotterdam.hdd,2.8754303128299927,degC-day,demo,2026-04-07
2026-04-08,wx.nl_rotterdam.hdd,1.204330138832752,degC-day,demo,2026-04-08
2026-04-09,wx.nl_rotterdam.hdd,2.865410312570747,degC-day,demo,2026-04-09
2026-04-10,wx.nl_rotterdam.hdd,2.0870919395758847,degC-day,demo,2026-04-10
2026-04-13,wx.nl_rotterdam.hdd,4.027120977624833,degC-day,demo,2026-04-13
2026-04-14,wx.nl_rotterdam.hdd,3.609101473938333,degC-day,demo,2026-04-14
2026-04-15,wx.nl_rotterdam.hdd,4.907552406739322,degC-day,demo,2026-04-15
2026-04-16,wx.nl_rotterdam.hdd,4.200572727539875,degC-day,demo,2026-04-16
2026-04-17,wx.nl_rotterdam.hdd,3.136064078783919,degC-day,demo,2026-04-17
2026-04-20,wx.nl_rotterdam.hdd,7.489010459299191,degC-day,demo,2026-04-20
2026-04-21,wx.nl_rotterdam.hdd,5.700122410879073,degC-day,demo,2026-04-21
2026-04-22,wx.nl_rotterdam.hdd,5.517085925524695,degC-day,demo,2026-04-22
2026-04-23,wx.nl_rotterdam.hdd,7.010978826726296,degC-day,demo,2026-04-23
2026-04-24,wx.nl_rotterdam.hdd,6.8975695459546245,degC-day,demo,2026-04-24
2026-04-27,wx.nl_rotterdam.hdd,5.539210038630548,degC-day,demo,2026-04-27
2026-04-28,wx.nl_rotterdam.hdd,4.00258475541046,degC-day,demo,2026-04-28
2026-04-29,wx.nl_rotterdam.hdd,6.346335247701495,degC-day,demo,2026-04-29
2026-04-30,wx.nl_rotterdam.hdd,7.085324313950608,degC-day,demo,2026-04-30
2026-05-01,wx.nl_rotterdam.hdd,10.182707501450505,degC-day,demo,2026-05-01
2026-05-04,wx.nl_rotterdam.hdd,5.24090535559554,degC-day,demo,2026-05-04
2026-05-05,wx.nl_rotterdam.hdd,8.287724068708654,degC-day,demo,2026-05-05
2026-05-06,wx.nl_rotterdam.hdd,8.717629770558748,degC-day,demo,2026-05-06
2026-05-07,wx.nl_rotterdam.hdd,10.599744140203644,degC-day,demo,2026-05-07
2026-05-08,wx.nl_rotterdam.hdd,9.25284392105998,degC-day,demo,2026-05-08
2026-05-11,wx.nl_rotterdam.hdd,11.046185468336615,degC-day,demo,2026-05-11
2026-05-12,wx.nl_rotterdam.hdd,9.517614216805097,degC-day,demo,2026-05-12
2026-05-13,wx.nl_rotterdam.hdd,9.133421060170908,degC-day,demo,2026-05-13
2026-05-14,wx.nl_rotterdam.hdd,9.980356355187244,degC-day,demo,2026-05-14
2026-05-15,wx.nl_rotterdam.hdd,9.786606176360175,degC-day,demo,2026-05-15
2026-05-18,wx.nl_rotterdam.hdd,11.646354807600618,degC-day,demo,2026-05-18
2026-05-19,wx.nl_rotterdam.hdd,8.369321319488318,degC-day,demo,2026-05-19
2026-05-20,wx.nl_rotterdam.hdd,11.621223707525107,degC-day,demo,2026-05-20
2026-05-21,wx.nl_rotterdam.hdd,13.47771425647232,degC-day,demo,2026-05-21
2026-05-22,wx.nl_rotterdam.hdd,11.12122915234854,degC-day,demo,2026-05-22
2026-05-25,wx.nl_rotterdam.hdd,12.05573303735108,degC-day,demo,2026-05-25
2026-05-26,wx.nl_rotterdam.hdd,12.474992472846353,degC-day,demo,2026-05-26
2026-05-27,wx.nl_rotterdam.hdd,11.522651207601363,degC-day,demo,2026-05-27
2026-05-28,wx.nl_rotterdam.hdd,10.563189253779957,degC-day,demo,2026-05-28
2026-05-29,wx.nl_rotterdam.hdd,12.761985568354056,degC-day,demo,2026-05-29
2026-06-01,wx.nl_rotterdam.hdd,11.164483349449906,degC-day,demo,2026-06-01
2026-06-02,wx.nl_rotterdam.hdd,8.766806512745994,degC-day,demo,2026-06-02
2026-06-03,wx.nl_rotterdam.hdd,9.811583931174695,degC-day,demo,2026-06-03
2026-06-04,wx.nl_rotterdam.hdd,10.972904130710322,degC-day,demo,2026-06-04
2026-06-05,wx.nl_rotterdam.hdd,10.4434746463923,degC-day,demo,2026-06-05
2026-06-08,wx.nl_rotterdam.hdd,10.686515417207104,degC-day,demo,2026-06-08
2026-06-09,wx.nl_rotterdam.hdd,10.43207861447501,degC-day,demo,2026-06-09
2026-06-10,wx.nl_rotterdam.hdd,9.098423258204598,degC-day,demo,2026-06-10
2026-06-11,wx.nl_rotterdam.hdd,10.156055825388158,degC-day,demo,2026-06-11
2026-06-12,wx.nl_rotterdam.hdd,13.428820126945311,degC-day,demo,2026-06-12
2026-06-15,wx.nl_rotterdam.hdd,9.644930136995988,degC-day,demo,2026-06-15
2026-06-16,wx.nl_rotterdam.hdd,10.7240547314914,degC-day,demo,2026-06-16
2026-06-17,wx.nl_rotterdam.hdd,8.177913083413062,degC-day,demo,2026-06-17
2026-06-18,wx.nl_rotterdam.hdd,9.824294510272818,degC-day,demo,2026-06-18
2026-06-19,wx.nl_rotterdam.hdd,8.430455455849708,degC-day,demo,2026-06-19
2026-06-22,wx.nl_rotterdam.hdd,5.122994286059532,degC-day,demo,2026-06-22
2026-06-23,wx.nl_rotterdam.hdd,9.687995921840386,degC-day,demo,2026-06-23
2026-06-24,wx.nl_rotterdam.hdd,9.527670848076925,degC-day,demo,2026-06-24
2026-06-25,wx.nl_rotterdam.hdd,9.67675505156006,degC-day,demo,2026-06-25
2026-06-26,wx.nl_rotterdam.hdd,10.867668740997384,degC-day,demo,2026-06-26
2026-06-29,wx.nl_rotterdam.hdd,9.807595058853492,degC-day,demo,2026-06-29
2026-06-30,wx.nl_rotterdam.hdd,6.157622948723292,degC-day,demo,2026-06-30
2026-02-25,wx.nl_rotterdam.shortwave,541.5,W/m2,demo,2026-02-25
2026-02-26,wx.nl_rotterdam.shortwave,528.1,W/m2,demo,2026-02-26
2026-02-27,wx.nl_rotterdam.shortwave,484.7,W/m2,demo,2026-02-27
2026-03-02,wx.nl_rotterdam.shortwave,454.7,W/m2,demo,2026-03-02
2026-03-03,wx.nl_rotterdam.shortwave,508.5,W/m2,demo,2026-03-03
2026-03-04,wx.nl_rotterdam.shortwave,520.5,W/m2,demo,2026-03-04
2026-03-05,wx.nl_rotterdam.shortwave,527.6,W/m2,demo,2026-03-05
2026-03-06,wx.nl_rotterdam.shortwave,595.6,W/m2,demo,2026-03-06
2026-03-09,wx.nl_rotterdam.shortwave,597.0,W/m2,demo,2026-03-09
2026-03-10,wx.nl_rotterdam.shortwave,584.1,W/m2,demo,2026-03-10
2026-03-11,wx.nl_rotterdam.shortwave,612.1,W/m2,demo,2026-03-11
2026-03-12,wx.nl_rotterdam.shortwave,608.9,W/m2,demo,2026-03-12
2026-03-13,wx.nl_rotterdam.shortwave,632.1,W/m2,demo,2026-03-13
2026-03-16,wx.nl_rotterdam.shortwave,661.5,W/m2,demo,2026-03-16
2026-03-17,wx.nl_rotterdam.shortwave,676.9,W/m2,demo,2026-03-17
2026-03-18,wx.nl_rotterdam.shortwave,617.1,W/m2,demo,2026-03-18
2026-03-19,wx.nl_rotterdam.shortwave,589.4,W/m2,demo,2026-03-19
2026-03-20,wx.nl_rotterdam.shortwave,710.9,W/m2,demo,2026-03-20
2026-03-23,wx.nl_rotterdam.shortwave,661.5,W/m2,demo,2026-03-23
2026-03-24,wx.nl_rotterdam.shortwave,703.2,W/m2,demo,2026-03-24
2026-03-25,wx.nl_rotterdam.shortwave,594.2,W/m2,demo,2026-03-25
2026-03-26,wx.nl_rotterdam.shortwave,646.6,W/m2,demo,2026-03-26
2026-03-27,wx.nl_rotterdam.shortwave,659.8,W/m2,demo,2026-03-27
2026-03-30,wx.nl_rotterdam.shortwave,598.8,W/m2,demo,2026-03-30
2026-03-31,wx.nl_rotterdam.shortwave,632.6,W/m2,demo,2026-03-31
2026-04-01,wx.nl_rotterdam.shortwave,677.9,W/m2,demo,2026-04-01
2026-04-02,wx.nl_rotterdam.shortwave,686.8,W/m2,demo,2026-04-02
2026-04-03,wx.nl_rotterdam.shortwave,701.2,W/m2,demo,2026-04-03
2026-04-06,wx.nl_rotterdam.shortwave,595.7,W/m2,demo,2026-04-06
2026-04-07,wx.nl_rotterdam.shortwave,566.1,W/m2,demo,2026-04-07
2026-04-08,wx.nl_rotterdam.shortwave,634.1,W/m2,demo,2026-04-08
2026-04-09,wx.nl_rotterdam.shortwave,641.2,W/m2,demo,2026-04-09
2026-04-10,wx.nl_rotterdam.shortwave,600.9,W/m2,demo,2026-04-10
2026-04-13,wx.nl_rotterdam.shortwave,530.0,W/m2,demo,2026-04-13
2026-04-14,wx.nl_rotterdam.shortwave,601.7,W/m2,demo,2026-04-14
2026-04-15,wx.nl_rotterdam.shortwave,589.9,W/m2,demo,2026-04-15
2026-04-16,wx.nl_rotterdam.shortwave,567.6,W/m2,demo,2026-04-16
2026-04-17,wx.nl_rotterdam.shortwave,512.9,W/m2,demo,2026-04-17
2026-04-20,wx.nl_rotterdam.shortwave,531.2,W/m2,demo,2026-04-20
2026-04-21,wx.nl_rotterdam.shortwave,537.0,W/m2,demo,2026-04-21
2026-04-22,wx.nl_rotterdam.shortwave,469.3,W/m2,demo,2026-04-22
2026-04-23,wx.nl_rotterdam.shortwave,404.0,W/m2,demo,2026-04-23
2026-04-24,wx.nl_rotterdam.shortwave,477.1,W/m2,demo,2026-04-24
2026-04-27,wx.nl_rotterdam.shortwave,469.5,W/m2,demo,2026-04-27
2026-04-28,wx.nl_rotterdam.shortwave,437.2,W/m2,demo,2026-04-28
2026-04-29,wx.nl_rotterdam.shortwave,459.0,W/m2,demo,2026-04-29
2026-04-30,wx.nl_rotterdam.shortwave,387.0,W/m2,demo,2026-04-30
2026-05-01,wx.nl_rotterdam.shortwave,394.6,W/m2,demo,2026-05-01
2026-05-04,wx.nl_rotterdam.shortwave,373.6,W/m2,demo,2026-05-04
2026-05-05,wx.nl_rotterdam.shortwave,397.2,W/m2,demo,2026-05-05
2026-05-06,wx.nl_rotterdam.shortwave,427.2,W/m2,demo,2026-05-06
2026-05-07,wx.nl_rotterdam.shortwave,343.2,W/m2,demo,2026-05-07
2026-05-08,wx.nl_rotterdam.shortwave,426.0,W/m2,demo,2026-05-08
2026-05-11,wx.nl_rotterdam.shortwave,396.3,W/m2,demo,2026-05-11
2026-05-12,wx.nl_rotterdam.shortwave,359.0,W/m2,demo,2026-05-12
2026-05-13,wx.nl_rotterdam.shortwave,344.0,W/m2,demo,2026-05-13
2026-05-14,wx.nl_rotterdam.shortwave,385.4,W/m2,demo,2026-05-14
2026-05-15,wx.nl_rotterdam.shortwave,302.4,W/m2,demo,2026-05-15
2026-05-18,wx.nl_rotterdam.shortwave,301.2,W/m2,demo,2026-05-18
2026-05-19,wx.nl_rotterdam.shortwave,260.2,W/m2,demo,2026-05-19
2026-05-20,wx.nl_rotterdam.shortwave,319.8,W/m2,demo,2026-05-20
2026-05-21,wx.nl_rotterdam.shortwave,353.8,W/m2,demo,2026-05-21
2026-05-22,wx.nl_rotterdam.shortwave,321.6,W/m2,demo,2026-05-22
2026-05-25,wx.nl_rotterdam.shortwave,318.5,W/m2,demo,2026-05-25
2026-05-26,wx.nl_rotterdam.shortwave,296.0,W/m2,demo,2026-05-26
2026-05-27,wx.nl_rotterdam.shortwave,314.2,W/m2,demo,2026-05-27
2026-05-28,wx.nl_rotterdam.shortwave,254.8,W/m2,demo,2026-05-28
2026-05-29,wx.nl_rotterdam.shortwave,359.2,W/m2,demo,2026-05-29
2026-06-01,wx.nl_rotterdam.shortwave,307.2,W/m2,demo,2026-06-01
2026-06-02,wx.nl_rotterdam.shortwave,286.8,W/m2,demo,2026-06-02
2026-06-03,wx.nl_rotterdam.shortwave,309.1,W/m2,demo,2026-06-03
2026-06-04,wx.nl_rotterdam.shortwave,315.2,W/m2,demo,2026-06-04
2026-06-05,wx.nl_rotterdam.shortwave,392.2,W/m2,demo,2026-06-05
2026-06-08,wx.nl_rotterdam.shortwave,410.9,W/m2,demo,2026-06-08
2026-06-09,wx.nl_rotterdam.shortwave,325.4,W/m2,demo,2026-06-09
2026-06-10,wx.nl_rotterdam.shortwave,428.6,W/m2,demo,2026-06-10
2026-06-11,wx.nl_rotterdam.shortwave,439.3,W/m2,demo,2026-06-11
2026-06-12,wx.nl_rotterdam.shortwave,393.4,W/m2,demo,2026-06-12
2026-06-15,wx.nl_rotterdam.shortwave,370.2,W/m2,demo,2026-06-15
2026-06-16,wx.nl_rotterdam.shortwave,413.3,W/m2,demo,2026-06-16
2026-06-17,wx.nl_rotterdam.shortwave,431.4,W/m2,demo,2026-06-17
2026-06-18,wx.nl_rotterdam.shortwave,484.3,W/m2,demo,2026-06-18
2026-06-19,wx.nl_rotterdam.shortwave,470.1,W/m2,demo,2026-06-19
2026-06-22,wx.nl_rotterdam.shortwave,417.1,W/m2,demo,2026-06-22
2026-06-23,wx.nl_rotterdam.shortwave,521.3,W/m2,demo,2026-06-23
2026-06-24,wx.nl_rotterdam.shortwave,464.1,W/m2,demo,2026-06-24
2026-06-25,wx.nl_rotterdam.shortwave,574.9,W/m2,demo,2026-06-25
2026-06-26,wx.nl_rotterdam.shortwave,503.3,W/m2,demo,2026-06-26
2026-06-29,wx.nl_rotterdam.shortwave,536.4,W/m2,demo,2026-06-29
2026-06-30,wx.nl_rotterdam.shortwave,541.9,W/m2,demo,2026-06-30
2026-02-25,wx.nl_rotterdam.wind100m,6.4895,m/s,demo,2026-02-25
2026-02-26,wx.nl_rotterdam.wind100m,5.0716,m/s,demo,2026-02-26
2026-02-27,wx.nl_rotterdam.wind100m,4.1747,m/s,demo,2026-02-27
2026-03-02,wx.nl_rotterdam.wind100m,5.0923,m/s,demo,2026-03-02
2026-03-03,wx.nl_rotterdam.wind100m,4.7583,m/s,demo,2026-03-03
2026-03-04,wx.nl_rotterdam.wind100m,4.801,m/s,demo,2026-03-04
2026-03-05,wx.nl_rotterdam.wind100m,5.3953,m/s,demo,2026-03-05
2026-03-06,wx.nl_rotterdam.wind100m,6.7211,m/s,demo,2026-03-06
2026-03-09,wx.nl_rotterdam.wind100m,8.3157,m/s,demo,2026-03-09
2026-03-10,wx.nl_rotterdam.wind100m,8.9443,m/s,demo,2026-03-10
2026-03-11,wx.nl_rotterdam.wind100m,8.7676,m/s,demo,2026-03-11
2026-03-12,wx.nl_rotterdam.wind100m,8.6498,m/s,demo,2026-03-12
2026-03-13,wx.nl_rotterdam.wind100m,9.844,m/s,demo,2026-03-13
2026-03-16,wx.nl_rotterdam.wind100m,10.5603,m/s,demo,2026-03-16
2026-03-17,wx.nl_rotterdam.wind100m,9.7779,m/s,demo,2026-03-17
2026-03-18,wx.nl_rotterdam.wind100m,9.7274,m/s,demo,2026-03-18
2026-03-19,wx.nl_rotterdam.wind100m,9.5478,m/s,demo,2026-03-19
2026-03-20,wx.nl_rotterdam.wind100m,9.2076,m/s,demo,2026-03-20
2026-03-23,wx.nl_rotterdam.wind100m,8.4764,m/s,demo,2026-03-23
2026-03-24,wx.nl_rotterdam.wind100m,7.1937,m/s,demo,2026-03-24
2026-03-25,wx.nl_rotterdam.wind100m,6.7375,m/s,demo,2026-03-25
2026-03-26,wx.nl_rotterdam.wind100m,5.5415,m/s,demo,2026-03-26
2026-03-27,wx.nl_rotterdam.wind100m,6.7393,m/s,demo,2026-03-27
2026-03-30,wx.nl_rotterdam.wind100m,7.2077,m/s,demo,2026-03-30
2026-03-31,wx.nl_rotterdam.wind100m,6.2118,m/s,demo,2026-03-31
2026-04-01,wx.nl_rotterdam.wind100m,7.4467,m/s,demo,2026-04-01
2026-04-02,wx.nl_rotterdam.wind100m,8.093,m/s,demo,2026-04-02
2026-04-03,wx.nl_rotterdam.wind100m,6.4022,m/s,demo,2026-04-03
2026-04-06,wx.nl_rotterdam.wind100m,7.965,m/s,demo,2026-04-06
2026-04-07,wx.nl_rotterdam.wind100m,8.4682,m/s,demo,2026-04-07
2026-04-08,wx.nl_rotterdam.wind100m,9.8993,m/s,demo,2026-04-08
2026-04-09,wx.nl_rotterdam.wind100m,8.4795,m/s,demo,2026-04-09
2026-04-10,wx.nl_rotterdam.wind100m,8.6821,m/s,demo,2026-04-10
2026-04-13,wx.nl_rotterdam.wind100m,8.7683,m/s,demo,2026-04-13
2026-04-14,wx.nl_rotterdam.wind100m,8.6645,m/s,demo,2026-04-14
2026-04-15,wx.nl_rotterdam.wind100m,8.5518,m/s,demo,2026-04-15
2026-04-16,wx.nl_rotterdam.wind100m,9.1617,m/s,demo,2026-04-16
2026-04-17,wx.nl_rotterdam.wind100m,7.6419,m/s,demo,2026-04-17
2026-04-20,wx.nl_rotterdam.wind100m,6.552,m/s,demo,2026-04-20
2026-04-21,wx.nl_rotterdam.wind100m,5.5038,m/s,demo,2026-04-21
2026-04-22,wx.nl_rotterdam.wind100m,5.2821,m/s,demo,2026-04-22
2026-04-23,wx.nl_rotterdam.wind100m,5.0554,m/s,demo,2026-04-23
2026-04-24,wx.nl_rotterdam.wind100m,5.641,m/s,demo,2026-04-24
2026-04-27,wx.nl_rotterdam.wind100m,6.058,m/s,demo,2026-04-27
2026-04-28,wx.nl_rotterdam.wind100m,6.2244,m/s,demo,2026-04-28
2026-04-29,wx.nl_rotterdam.wind100m,5.7994,m/s,demo,2026-04-29
2026-04-30,wx.nl_rotterdam.wind100m,5.626,m/s,demo,2026-04-30
2026-05-01,wx.nl_rotterdam.wind100m,6.5941,m/s,demo,2026-05-01
2026-05-04,wx.nl_rotterdam.wind100m,7.2659,m/s,demo,2026-05-04
2026-05-05,wx.nl_rotterdam.wind100m,7.3067,m/s,demo,2026-05-05
2026-05-06,wx.nl_rotterdam.wind100m,7.0027,m/s,demo,2026-05-06
2026-05-07,wx.nl_rotterdam.wind100m,8.2447,m/s,demo,2026-05-07
2026-05-08,wx.nl_rotterdam.wind100m,7.5827,m/s,demo,2026-05-08
2026-05-11,wx.nl_rotterdam.wind100m,8.0142,m/s,demo,2026-05-11
2026-05-12,wx.nl_rotterdam.wind100m,8.7849,m/s,demo,2026-05-12
2026-05-13,wx.nl_rotterdam.wind100m,8.3048,m/s,demo,2026-05-13
2026-05-14,wx.nl_rotterdam.wind100m,8.7694,m/s,demo,2026-05-14
2026-05-15,wx.nl_rotterdam.wind100m,7.6115,m/s,demo,2026-05-15
2026-05-18,wx.nl_rotterdam.wind100m,8.3298,m/s,demo,2026-05-18
2026-05-19,wx.nl_rotterdam.wind100m,8.2901,m/s,demo,2026-05-19
2026-05-20,wx.nl_rotterdam.wind100m,6.8272,m/s,demo,2026-05-20
2026-05-21,wx.nl_rotterdam.wind100m,7.3887,m/s,demo,2026-05-21
2026-05-22,wx.nl_rotterdam.wind100m,6.6166,m/s,demo,2026-05-22
2026-05-25,wx.nl_rotterdam.wind100m,7.6996,m/s,demo,2026-05-25
2026-05-26,wx.nl_rotterdam.wind100m,7.0515,m/s,demo,2026-05-26
2026-05-27,wx.nl_rotterdam.wind100m,6.912,m/s,demo,2026-05-27
2026-05-28,wx.nl_rotterdam.wind100m,7.1515,m/s,demo,2026-05-28
2026-05-29,wx.nl_rotterdam.wind100m,6.8629,m/s,demo,2026-05-29
2026-06-01,wx.nl_rotterdam.wind100m,7.0911,m/s,demo,2026-06-01
2026-06-02,wx.nl_rotterdam.wind100m,6.6348,m/s,demo,2026-06-02
2026-06-03,wx.nl_rotterdam.wind100m,7.227,m/s,demo,2026-06-03
2026-06-04,wx.nl_rotterdam.wind100m,7.1974,m/s,demo,2026-06-04
2026-06-05,wx.nl_rotterdam.wind100m,7.3366,m/s,demo,2026-06-05
2026-06-08,wx.nl_rotterdam.wind100m,5.0841,m/s,demo,2026-06-08
2026-06-09,wx.nl_rotterdam.wind100m,6.3006,m/s,demo,2026-06-09
2026-06-10,wx.nl_rotterdam.wind100m,6.431,m/s,demo,2026-06-10
2026-06-11,wx.nl_rotterdam.wind100m,5.0902,m/s,demo,2026-06-11
2026-06-12,wx.nl_rotterdam.wind100m,5.4531,m/s,demo,2026-06-12
2026-06-15,wx.nl_rotterdam.wind100m,6.0589,m/s,demo,2026-06-15
2026-06-16,wx.nl_rotterdam.wind100m,7.0566,m/s,demo,2026-06-16
2026-06-17,wx.nl_rotterdam.wind100m,6.182,m/s,demo,2026-06-17
2026-06-18,wx.nl_rotterdam.wind100m,7.5423,m/s,demo,2026-06-18
2026-06-19,wx.nl_rotterdam.wind100m,7.3335,m/s,demo,2026-06-19
2026-06-22,wx.nl_rotterdam.wind100m,9.1992,m/s,demo,2026-06-22
2026-06-23,wx.nl_rotterdam.wind100m,8.7524,m/s,demo,2026-06-23
2026-06-24,wx.nl_rotterdam.wind100m,9.0333,m/s,demo,2026-06-24
2026-06-25,wx.nl_rotterdam.wind100m,8.435,m/s,demo,2026-06-25
2026-06-26,wx.nl_rotterdam.wind100m,7.3271,m/s,demo,2026-06-26
2026-06-29,wx.nl_rotterdam.wind100m,8.1553,m/s,demo,2026-06-29
2026-06-30,wx.nl_rotterdam.wind100m,8.7071,m/s,demo,2026-06-30
2026-02-25,wx.sg_singapore.cdd,9.18614006285507,degC-day,demo,2026-02-25
2026-02-26,wx.sg_singapore.cdd,12.232484430177363,degC-day,demo,2026-02-26
2026-02-27,wx.sg_singapore.cdd,11.847498801300087,degC-day,demo,2026-02-27
2026-03-02,wx.sg_singapore.cdd,11.7532074589245,degC-day,demo,2026-03-02
2026-03-03,wx.sg_singapore.cdd,11.60631351581278,degC-day,demo,2026-03-03
2026-03-04,wx.sg_singapore.cdd,9.076714106124967,degC-day,demo,2026-03-04
2026-03-05,wx.sg_singapore.cdd,10.881299600593785,degC-day,demo,2026-03-05
2026-03-06,wx.sg_singapore.cdd,11.090058932441757,degC-day,demo,2026-03-06
2026-03-09,wx.sg_singapore.cdd,10.697107768448593,degC-day,demo,2026-03-09
2026-03-10,wx.sg_singapore.cdd,13.161575492215938,degC-day,demo,2026-03-10
2026-03-11,wx.sg_singapore.cdd,11.508672713486618,degC-day,demo,2026-03-11
2026-03-12,wx.sg_singapore.cdd,11.764609488795788,degC-day,demo,2026-03-12
2026-03-13,wx.sg_singapore.cdd,11.457333477369671,degC-day,demo,2026-03-13
2026-03-16,wx.sg_singapore.cdd,10.116761296949289,degC-day,demo,2026-03-16
2026-03-17,wx.sg_singapore.cdd,14.258758202553617,degC-day,demo,2026-03-17
2026-03-18,wx.sg_singapore.cdd,15.507806824778832,degC-day,demo,2026-03-18
2026-03-19,wx.sg_singapore.cdd,13.901417130335826,degC-day,demo,2026-03-19
2026-03-20,wx.sg_singapore.cdd,12.283522078987382,degC-day,demo,2026-03-20
2026-03-23,wx.sg_singapore.cdd,9.780880488239552,degC-day,demo,2026-03-23
2026-03-24,wx.sg_singapore.cdd,14.168429773449049,degC-day,demo,2026-03-24
2026-03-25,wx.sg_singapore.cdd,15.78405522470922,degC-day,demo,2026-03-25
2026-03-26,wx.sg_singapore.cdd,14.435824026341116,degC-day,demo,2026-03-26
2026-03-27,wx.sg_singapore.cdd,15.390711035682855,degC-day,demo,2026-03-27
2026-03-30,wx.sg_singapore.cdd,16.20689069056136,degC-day,demo,2026-03-30
2026-03-31,wx.sg_singapore.cdd,15.649233278686973,degC-day,demo,2026-03-31
2026-04-01,wx.sg_singapore.cdd,13.24593214220814,degC-day,demo,2026-04-01
2026-04-02,wx.sg_singapore.cdd,15.41576860173629,degC-day,demo,2026-04-02
2026-04-03,wx.sg_singapore.cdd,14.910217596037882,degC-day,demo,2026-04-03
2026-04-06,wx.sg_singapore.cdd,11.331659939688514,degC-day,demo,2026-04-06
2026-04-07,wx.sg_singapore.cdd,12.90114428418335,degC-day,demo,2026-04-07
2026-04-08,wx.sg_singapore.cdd,11.227419579198152,degC-day,demo,2026-04-08
2026-04-09,wx.sg_singapore.cdd,13.036112021696002,degC-day,demo,2026-04-09
2026-04-10,wx.sg_singapore.cdd,13.888019944437625,degC-day,demo,2026-04-10
2026-04-13,wx.sg_singapore.cdd,11.223782566679532,degC-day,demo,2026-04-13
2026-04-14,wx.sg_singapore.cdd,9.532796964739305,degC-day,demo,2026-04-14
2026-04-15,wx.sg_singapore.cdd,14.341395591930628,degC-day,demo,2026-04-15
2026-04-16,wx.sg_singapore.cdd,12.724351602604017,degC-day,demo,2026-04-16
2026-04-17,wx.sg_singapore.cdd,14.1199926995762,degC-day,demo,2026-04-17
2026-04-20,wx.sg_singapore.cdd,9.672182381660448,degC-day,demo,2026-04-20
2026-04-21,wx.sg_singapore.cdd,12.984486435238566,degC-day,demo,2026-04-21
2026-04-22,wx.sg_singapore.cdd,14.233421085506492,degC-day,demo,2026-04-22
2026-04-23,wx.sg_singapore.cdd,13.856339070761202,degC-day,demo,2026-04-23
2026-04-24,wx.sg_singapore.cdd,10.249389332286125,degC-day,demo,2026-04-24
2026-04-27,wx.sg_singapore.cdd,10.684155288960422,degC-day,demo,2026-04-27
2026-04-28,wx.sg_singapore.cdd,9.763932623812943,degC-day,demo,2026-04-28
2026-04-29,wx.sg_singapore.cdd,11.207142582907665,degC-day,demo,2026-04-29
2026-04-30,wx.sg_singapore.cdd,10.982191031991164,degC-day,demo,2026-04-30
2026-05-01,wx.sg_singapore.cdd,9.274932489434777,degC-day,demo,2026-05-01
2026-05-04,wx.sg_singapore.cdd,6.829147983830872,degC-day,demo,2026-05-04
2026-05-05,wx.sg_singapore.cdd,9.708504567900809,degC-day,demo,2026-05-05
2026-05-06,wx.sg_singapore.cdd,7.628354568541432,degC-day,demo,2026-05-06
2026-05-07,wx.sg_singapore.cdd,9.021131910494104,degC-day,demo,2026-05-07
2026-05-08,wx.sg_singapore.cdd,8.227140806639781,degC-day,demo,2026-05-08
2026-05-11,wx.sg_singapore.cdd,10.033491072408914,degC-day,demo,2026-05-11
2026-05-12,wx.sg_singapore.cdd,9.08234332218916,degC-day,demo,2026-05-12
2026-05-13,wx.sg_singapore.cdd,6.49061339426477,degC-day,demo,2026-05-13
2026-05-14,wx.sg_singapore.cdd,7.4963171302038205,degC-day,demo,2026-05-14
2026-05-15,wx.sg_singapore.cdd,9.440038226813613,degC-day,demo,2026-05-15
2026-05-18,wx.sg_singapore.cdd,5.825451590399993,degC-day,demo,2026-05-18
2026-05-19,wx.sg_singapore.cdd,7.1361926489599306,degC-day,demo,2026-05-19
2026-05-20,wx.sg_singapore.cdd,8.144740092137162,degC-day,demo,2026-05-20
2026-05-21,wx.sg_singapore.cdd,8.135083838727969,degC-day,demo,2026-05-21
2026-05-22,wx.sg_singapore.cdd,6.937933851397492,degC-day,demo,2026-05-22
2026-05-25,wx.sg_singapore.cdd,4.109581714660472,degC-day,demo,2026-05-25
2026-05-26,wx.sg_singapore.cdd,4.148197253343419,degC-day,demo,2026-05-26
2026-05-27,wx.sg_singapore.cdd,6.380857683193259,degC-day,demo,2026-05-27
2026-05-28,wx.sg_singapore.cdd,6.581021602638607,degC-day,demo,2026-05-28
2026-05-29,wx.sg_singapore.cdd,9.83233755155701,degC-day,demo,2026-05-29
2026-06-01,wx.sg_singapore.cdd,4.749756054614384,degC-day,demo,2026-06-01
2026-06-02,wx.sg_singapore.cdd,7.799841640739377,degC-day,demo,2026-06-02
2026-06-03,wx.sg_singapore.cdd,7.319972093573547,degC-day,demo,2026-06-03
2026-06-04,wx.sg_singapore.cdd,3.747771687028522,degC-day,demo,2026-06-04
2026-06-05,wx.sg_singapore.cdd,5.13746922598347,degC-day,demo,2026-06-05
2026-06-08,wx.sg_singapore.cdd,6.74267669397641,degC-day,demo,2026-06-08
2026-06-09,wx.sg_singapore.cdd,5.899271150474235,degC-day,demo,2026-06-09
2026-06-10,wx.sg_singapore.cdd,6.571341691024003,degC-day,demo,2026-06-10
2026-06-11,wx.sg_singapore.cdd,7.687919869482464,degC-day,demo,2026-06-11
2026-06-12,wx.sg_singapore.cdd,5.963668559799565,degC-day,demo,2026-06-12
2026-06-15,wx.sg_singapore.cdd,8.086925604461815,degC-day,demo,2026-06-15
2026-06-16,wx.sg_singapore.cdd,6.655739074522977,degC-day,demo,2026-06-16
2026-06-17,wx.sg_singapore.cdd,7.028200870315668,degC-day,demo,2026-06-17
2026-06-18,wx.sg_singapore.cdd,8.896452782649853,degC-day,demo,2026-06-18
2026-06-19,wx.sg_singapore.cdd,7.486749593001743,degC-day,demo,2026-06-19
2026-06-22,wx.sg_singapore.cdd,9.04187243991804,degC-day,demo,2026-06-22
2026-06-23,wx.sg_singapore.cdd,11.281409813492829,degC-day,demo,2026-06-23
2026-06-24,wx.sg_singapore.cdd,9.199917721379432,degC-day,demo,2026-06-24
2026-06-25,wx.sg_singapore.cdd,9.221416473315768,degC-day,demo,2026-06-25
2026-06-26,wx.sg_singapore.cdd,10.827553804655263,degC-day,demo,2026-06-26
2026-06-29,wx.sg_singapore.cdd,9.46176052157104,degC-day,demo,2026-06-29
2026-06-30,wx.sg_singapore.cdd,11.919778384859512,degC-day,demo,2026-06-30
2026-02-25,wx.sg_singapore.hdd,0.0,degC-day,demo,2026-02-25
2026-02-26,wx.sg_singapore.hdd,0.0,degC-day,demo,2026-02-26
2026-02-27,wx.sg_singapore.hdd,0.0,degC-day,demo,2026-02-27
2026-03-02,wx.sg_singapore.hdd,0.0,degC-day,demo,2026-03-02
2026-03-03,wx.sg_singapore.hdd,0.0,degC-day,demo,2026-03-03
2026-03-04,wx.sg_singapore.hdd,0.0,degC-day,demo,2026-03-04
2026-03-05,wx.sg_singapore.hdd,0.0,degC-day,demo,2026-03-05
2026-03-06,wx.sg_singapore.hdd,0.0,degC-day,demo,2026-03-06
2026-03-09,wx.sg_singapore.hdd,0.0,degC-day,demo,2026-03-09
2026-03-10,wx.sg_singapore.hdd,0.0,degC-day,demo,2026-03-10
2026-03-11,wx.sg_singapore.hdd,0.0,degC-day,demo,2026-03-11
2026-03-12,wx.sg_singapore.hdd,0.0,degC-day,demo,2026-03-12
2026-03-13,wx.sg_singapore.hdd,0.0,degC-day,demo,2026-03-13
2026-03-16,wx.sg_singapore.hdd,0.0,degC-day,demo,2026-03-16
2026-03-17,wx.sg_singapore.hdd,0.0,degC-day,demo,2026-03-17
2026-03-18,wx.sg_singapore.hdd,0.0,degC-day,demo,2026-03-18
2026-03-19,wx.sg_singapore.hdd,0.0,degC-day,demo,2026-03-19
2026-03-20,wx.sg_singapore.hdd,0.0,degC-day,demo,2026-03-20
2026-03-23,wx.sg_singapore.hdd,0.0,degC-day,demo,2026-03-23
2026-03-24,wx.sg_singapore.hdd,0.0,degC-day,demo,2026-03-24
2026-03-25,wx.sg_singapore.hdd,0.0,degC-day,demo,2026-03-25
2026-03-26,wx.sg_singapore.hdd,0.0,degC-day,demo,2026-03-26
2026-03-27,wx.sg_singapore.hdd,0.0,degC-day,demo,2026-03-27
2026-03-30,wx.sg_singapore.hdd,0.0,degC-day,demo,2026-03-30
2026-03-31,wx.sg_singapore.hdd,0.0,degC-day,demo,2026-03-31
2026-04-01,wx.sg_singapore.hdd,0.0,degC-day,demo,2026-04-01
2026-04-02,wx.sg_singapore.hdd,0.0,degC-day,demo,2026-04-02
2026-04-03,wx.sg_singapore.hdd,0.0,degC-day,demo,2026-04-03
2026-04-06,wx.sg_singapore.hdd,0.0,degC-day,demo,2026-04-06
2026-04-07,wx.sg_singapore.hdd,0.0,degC-day,demo,2026-04-07
2026-04-08,wx.sg_singapore.hdd,0.0,degC-day,demo,2026-04-08
2026-04-09,wx.sg_singapore.hdd,0.0,degC-day,demo,2026-04-09
2026-04-10,wx.sg_singapore.hdd,0.0,degC-day,demo,2026-04-10
2026-04-13,wx.sg_singapore.hdd,0.0,degC-day,demo,2026-04-13
2026-04-14,wx.sg_singapore.hdd,0.0,degC-day,demo,2026-04-14
2026-04-15,wx.sg_singapore.hdd,0.0,degC-day,demo,2026-04-15
2026-04-16,wx.sg_singapore.hdd,0.0,degC-day,demo,2026-04-16
2026-04-17,wx.sg_singapore.hdd,0.0,degC-day,demo,2026-04-17
2026-04-20,wx.sg_singapore.hdd,0.0,degC-day,demo,2026-04-20
2026-04-21,wx.sg_singapore.hdd,0.0,degC-day,demo,2026-04-21
2026-04-22,wx.sg_singapore.hdd,0.0,degC-day,demo,2026-04-22
2026-04-23,wx.sg_singapore.hdd,0.0,degC-day,demo,2026-04-23
2026-04-24,wx.sg_singapore.hdd,0.0,degC-day,demo,2026-04-24
2026-04-27,wx.sg_singapore.hdd,0.0,degC-day,demo,2026-04-27
2026-04-28,wx.sg_singapore.hdd,0.0,degC-day,demo,2026-04-28
2026-04-29,wx.sg_singapore.hdd,0.0,degC-day,demo,2026-04-29
2026-04-30,wx.sg_singapore.hdd,0.0,degC-day,demo,2026-04-30
2026-05-01,wx.sg_singapore.hdd,0.0,degC-day,demo,2026-05-01
2026-05-04,wx.sg_singapore.hdd,0.0,degC-day,demo,2026-05-04
2026-05-05,wx.sg_singapore.hdd,0.0,degC-day,demo,2026-05-05
2026-05-06,wx.sg_singapore.hdd,0.0,degC-day,demo,2026-05-06
2026-05-07,wx.sg_singapore.hdd,0.0,degC-day,demo,2026-05-07
2026-05-08,wx.sg_singapore.hdd,0.0,degC-day,demo,2026-05-08
2026-05-11,wx.sg_singapore.hdd,0.0,degC-day,demo,2026-05-11
2026-05-12,wx.sg_singapore.hdd,0.0,degC-day,demo,2026-05-12
2026-05-13,wx.sg_singapore.hdd,0.0,degC-day,demo,2026-05-13
2026-05-14,wx.sg_singapore.hdd,0.0,degC-day,demo,2026-05-14
2026-05-15,wx.sg_singapore.hdd,0.0,degC-day,demo,2026-05-15
2026-05-18,wx.sg_singapore.hdd,0.0,degC-day,demo,2026-05-18
2026-05-19,wx.sg_singapore.hdd,0.0,degC-day,demo,2026-05-19
2026-05-20,wx.sg_singapore.hdd,0.0,degC-day,demo,2026-05-20
2026-05-21,wx.sg_singapore.hdd,0.0,degC-day,demo,2026-05-21
2026-05-22,wx.sg_singapore.hdd,0.0,degC-day,demo,2026-05-22
2026-05-25,wx.sg_singapore.hdd,0.0,degC-day,demo,2026-05-25
2026-05-26,wx.sg_singapore.hdd,0.0,degC-day,demo,2026-05-26
2026-05-27,wx.sg_singapore.hdd,0.0,degC-day,demo,2026-05-27
2026-05-28,wx.sg_singapore.hdd,0.0,degC-day,demo,2026-05-28
2026-05-29,wx.sg_singapore.hdd,0.0,degC-day,demo,2026-05-29
2026-06-01,wx.sg_singapore.hdd,0.0,degC-day,demo,2026-06-01
2026-06-02,wx.sg_singapore.hdd,0.0,degC-day,demo,2026-06-02
2026-06-03,wx.sg_singapore.hdd,0.0,degC-day,demo,2026-06-03
2026-06-04,wx.sg_singapore.hdd,0.0,degC-day,demo,2026-06-04
2026-06-05,wx.sg_singapore.hdd,0.0,degC-day,demo,2026-06-05
2026-06-08,wx.sg_singapore.hdd,0.0,degC-day,demo,2026-06-08
2026-06-09,wx.sg_singapore.hdd,0.0,degC-day,demo,2026-06-09
2026-06-10,wx.sg_singapore.hdd,0.0,degC-day,demo,2026-06-10
2026-06-11,wx.sg_singapore.hdd,0.0,degC-day,demo,2026-06-11
2026-06-12,wx.sg_singapore.hdd,0.0,degC-day,demo,2026-06-12
2026-06-15,wx.sg_singapore.hdd,0.0,degC-day,demo,2026-06-15
2026-06-16,wx.sg_singapore.hdd,0.0,degC-day,demo,2026-06-16
2026-06-17,wx.sg_singapore.hdd,0.0,degC-day,demo,2026-06-17
2026-06-18,wx.sg_singapore.hdd,0.0,degC-day,demo,2026-06-18
2026-06-19,wx.sg_singapore.hdd,0.0,degC-day,demo,2026-06-19
2026-06-22,wx.sg_singapore.hdd,0.0,degC-day,demo,2026-06-22
2026-06-23,wx.sg_singapore.hdd,0.0,degC-day,demo,2026-06-23
2026-06-24,wx.sg_singapore.hdd,0.0,degC-day,demo,2026-06-24
2026-06-25,wx.sg_singapore.hdd,0.0,degC-day,demo,2026-06-25
2026-06-26,wx.sg_singapore.hdd,0.0,degC-day,demo,2026-06-26
2026-06-29,wx.sg_singapore.hdd,0.0,degC-day,demo,2026-06-29
2026-06-30,wx.sg_singapore.hdd,0.0,degC-day,demo,2026-06-30
2026-02-25,wx.sg_singapore.shortwave,448.2,W/m2,demo,2026-02-25
2026-02-26,wx.sg_singapore.shortwave,493.1,W/m2,demo,2026-02-26
2026-02-27,wx.sg_singapore.shortwave,399.0,W/m2,demo,2026-02-27
2026-03-02,wx.sg_singapore.shortwave,516.8,W/m2,demo,2026-03-02
2026-03-03,wx.sg_singapore.shortwave,494.5,W/m2,demo,2026-03-03
2026-03-04,wx.sg_singapore.shortwave,489.0,W/m2,demo,2026-03-04
2026-03-05,wx.sg_singapore.shortwave,543.2,W/m2,demo,2026-03-05
2026-03-06,wx.sg_singapore.shortwave,602.8,W/m2,demo,2026-03-06
2026-03-09,wx.sg_singapore.shortwave,567.7,W/m2,demo,2026-03-09
2026-03-10,wx.sg_singapore.shortwave,645.5,W/m2,demo,2026-03-10
2026-03-11,wx.sg_singapore.shortwave,558.8,W/m2,demo,2026-03-11
2026-03-12,wx.sg_singapore.shortwave,562.3,W/m2,demo,2026-03-12
2026-03-13,wx.sg_singapore.shortwave,685.6,W/m2,demo,2026-03-13
2026-03-16,wx.sg_singapore.shortwave,647.4,W/m2,demo,2026-03-16
2026-03-17,wx.sg_singapore.shortwave,676.3,W/m2,demo,2026-03-17
2026-03-18,wx.sg_singapore.shortwave,611.5,W/m2,demo,2026-03-18
2026-03-19,wx.sg_singapore.shortwave,681.9,W/m2,demo,2026-03-19
2026-03-20,wx.sg_singapore.shortwave,664.2,W/m2,demo,2026-03-20
2026-03-23,wx.sg_singapore.shortwave,682.8,W/m2,demo,2026-03-23
2026-03-24,wx.sg_singapore.shortwave,659.9,W/m2,demo,2026-03-24
2026-03-25,wx.sg_singapore.shortwave,708.2,W/m2,demo,2026-03-25
2026-03-26,wx.sg_singapore.shortwave,633.9,W/m2,demo,2026-03-26
2026-03-27,wx.sg_singapore.shortwave,620.1,W/m2,demo,2026-03-27
2026-03-30,wx.sg_singapore.shortwave,597.4,W/m2,demo,2026-03-30
2026-03-31,wx.sg_singapore.shortwave,699.6,W/m2,demo,2026-03-31
2026-04-01,wx.sg_singapore.shortwave,619.4,W/m2,demo,2026-04-01
2026-04-02,wx.sg_singapore.shortwave,601.9,W/m2,demo,2026-04-02
2026-04-03,wx.sg_singapore.shortwave,599.8,W/m2,demo,2026-04-03
2026-04-06,wx.sg_singapore.shortwave,612.5,W/m2,demo,2026-04-06
2026-04-07,wx.sg_singapore.shortwave,571.4,W/m2,demo,2026-04-07
2026-04-08,wx.sg_singapore.shortwave,601.7,W/m2,demo,2026-04-08
2026-04-09,wx.sg_singapore.shortwave,578.5,W/m2,demo,2026-04-09
2026-04-10,wx.sg_singapore.shortwave,571.1,W/m2,demo,2026-04-10
2026-04-13,wx.sg_singapore.shortwave,543.7,W/m2,demo,2026-04-13
2026-04-14,wx.sg_singapore.shortwave,571.9,W/m2,demo,2026-04-14
2026-04-15,wx.sg_singapore.shortwave,539.7,W/m2,demo,2026-04-15
2026-04-16,wx.sg_singapore.shortwave,550.1,W/m2,demo,2026-04-16
2026-04-17,wx.sg_singapore.shortwave,542.4,W/m2,demo,2026-04-17
2026-04-20,wx.sg_singapore.shortwave,532.6,W/m2,demo,2026-04-20
2026-04-21,wx.sg_singapore.shortwave,417.8,W/m2,demo,2026-04-21
2026-04-22,wx.sg_singapore.shortwave,470.2,W/m2,demo,2026-04-22
2026-04-23,wx.sg_singapore.shortwave,446.0,W/m2,demo,2026-04-23
2026-04-24,wx.sg_singapore.shortwave,494.9,W/m2,demo,2026-04-24
2026-04-27,wx.sg_singapore.shortwave,387.1,W/m2,demo,2026-04-27
2026-04-28,wx.sg_singapore.shortwave,408.1,W/m2,demo,2026-04-28
2026-04-29,wx.sg_singapore.shortwave,411.6,W/m2,demo,2026-04-29
2026-04-30,wx.sg_singapore.shortwave,397.0,W/m2,demo,2026-04-30
2026-05-01,wx.sg_singapore.shortwave,437.5,W/m2,demo,2026-05-01
2026-05-04,wx.sg_singapore.shortwave,368.1,W/m2,demo,2026-05-04
2026-05-05,wx.sg_singapore.shortwave,412.9,W/m2,demo,2026-05-05
2026-05-06,wx.sg_singapore.shortwave,304.8,W/m2,demo,2026-05-06
2026-05-07,wx.sg_singapore.shortwave,280.7,W/m2,demo,2026-05-07
2026-05-08,wx.sg_singapore.shortwave,392.5,W/m2,demo,2026-05-08
2026-05-11,wx.sg_singapore.shortwave,352.6,W/m2,demo,2026-05-11
2026-05-12,wx.sg_singapore.shortwave,346.9,W/m2,demo,2026-05-12
2026-05-13,wx.sg_singapore.shortwave,325.4,W/m2,demo,2026-05-13
2026-05-14,wx.sg_singapore.shortwave,333.9,W/m2,demo,2026-05-14
2026-05-15,wx.sg_singapore.shortwave,260.9,W/m2,demo,2026-05-15
2026-05-18,wx.sg_singapore.shortwave,343.6,W/m2,demo,2026-05-18
2026-05-19,wx.sg_singapore.shortwave,281.4,W/m2,demo,2026-05-19
2026-05-20,wx.sg_singapore.shortwave,340.3,W/m2,demo,2026-05-20
2026-05-21,wx.sg_singapore.shortwave,303.5,W/m2,demo,2026-05-21
2026-05-22,wx.sg_singapore.shortwave,221.3,W/m2,demo,2026-05-22
2026-05-25,wx.sg_singapore.shortwave,250.1,W/m2,demo,2026-05-25
2026-05-26,wx.sg_singapore.shortwave,349.1,W/m2,demo,2026-05-26
2026-05-27,wx.sg_singapore.shortwave,301.9,W/m2,demo,2026-05-27
2026-05-28,wx.sg_singapore.shortwave,296.0,W/m2,demo,2026-05-28
2026-05-29,wx.sg_singapore.shortwave,327.0,W/m2,demo,2026-05-29
2026-06-01,wx.sg_singapore.shortwave,306.6,W/m2,demo,2026-06-01
2026-06-02,wx.sg_singapore.shortwave,309.2,W/m2,demo,2026-06-02
2026-06-03,wx.sg_singapore.shortwave,343.3,W/m2,demo,2026-06-03
2026-06-04,wx.sg_singapore.shortwave,354.0,W/m2,demo,2026-06-04
2026-06-05,wx.sg_singapore.shortwave,418.7,W/m2,demo,2026-06-05
2026-06-08,wx.sg_singapore.shortwave,370.4,W/m2,demo,2026-06-08
2026-06-09,wx.sg_singapore.shortwave,454.9,W/m2,demo,2026-06-09
2026-06-10,wx.sg_singapore.shortwave,463.6,W/m2,demo,2026-06-10
2026-06-11,wx.sg_singapore.shortwave,472.5,W/m2,demo,2026-06-11
2026-06-12,wx.sg_singapore.shortwave,459.0,W/m2,demo,2026-06-12
2026-06-15,wx.sg_singapore.shortwave,434.9,W/m2,demo,2026-06-15
2026-06-16,wx.sg_singapore.shortwave,448.6,W/m2,demo,2026-06-16
2026-06-17,wx.sg_singapore.shortwave,451.1,W/m2,demo,2026-06-17
2026-06-18,wx.sg_singapore.shortwave,441.3,W/m2,demo,2026-06-18
2026-06-19,wx.sg_singapore.shortwave,481.8,W/m2,demo,2026-06-19
2026-06-22,wx.sg_singapore.shortwave,472.6,W/m2,demo,2026-06-22
2026-06-23,wx.sg_singapore.shortwave,577.5,W/m2,demo,2026-06-23
2026-06-24,wx.sg_singapore.shortwave,546.8,W/m2,demo,2026-06-24
2026-06-25,wx.sg_singapore.shortwave,520.8,W/m2,demo,2026-06-25
2026-06-26,wx.sg_singapore.shortwave,475.0,W/m2,demo,2026-06-26
2026-06-29,wx.sg_singapore.shortwave,562.0,W/m2,demo,2026-06-29
2026-06-30,wx.sg_singapore.shortwave,559.4,W/m2,demo,2026-06-30
2026-02-25,wx.sg_singapore.wind100m,5.9737,m/s,demo,2026-02-25
2026-02-26,wx.sg_singapore.wind100m,6.6225,m/s,demo,2026-02-26
2026-02-27,wx.sg_singapore.wind100m,6.2695,m/s,demo,2026-02-27
2026-03-02,wx.sg_singapore.wind100m,5.7401,m/s,demo,2026-03-02
2026-03-03,wx.sg_singapore.wind100m,7.3448,m/s,demo,2026-03-03
2026-03-04,wx.sg_singapore.wind100m,6.613,m/s,demo,2026-03-04
2026-03-05,wx.sg_singapore.wind100m,8.0764,m/s,demo,2026-03-05
2026-03-06,wx.sg_singapore.wind100m,8.4416,m/s,demo,2026-03-06
2026-03-09,wx.sg_singapore.wind100m,9.3878,m/s,demo,2026-03-09
2026-03-10,wx.sg_singapore.wind100m,8.2482,m/s,demo,2026-03-10
2026-03-11,wx.sg_singapore.wind100m,9.0201,m/s,demo,2026-03-11
2026-03-12,wx.sg_singapore.wind100m,9.8825,m/s,demo,2026-03-12
2026-03-13,wx.sg_singapore.wind100m,9.357,m/s,demo,2026-03-13
2026-03-16,wx.sg_singapore.wind100m,8.9002,m/s,demo,2026-03-16
2026-03-17,wx.sg_singapore.wind100m,10.58,m/s,demo,2026-03-17
2026-03-18,wx.sg_singapore.wind100m,10.185,m/s,demo,2026-03-18
2026-03-19,wx.sg_singapore.wind100m,9.3691,m/s,demo,2026-03-19
2026-03-20,wx.sg_singapore.wind100m,8.5098,m/s,demo,2026-03-20
2026-03-23,wx.sg_singapore.wind100m,8.64,m/s,demo,2026-03-23
2026-03-24,wx.sg_singapore.wind100m,8.6584,m/s,demo,2026-03-24
2026-03-25,wx.sg_singapore.wind100m,8.5517,m/s,demo,2026-03-25
2026-03-26,wx.sg_singapore.wind100m,9.6961,m/s,demo,2026-03-26
2026-03-27,wx.sg_singapore.wind100m,9.0294,m/s,demo,2026-03-27
2026-03-30,wx.sg_singapore.wind100m,9.1035,m/s,demo,2026-03-30
2026-03-31,wx.sg_singapore.wind100m,9.9554,m/s,demo,2026-03-31
2026-04-01,wx.sg_singapore.wind100m,8.7089,m/s,demo,2026-04-01
2026-04-02,wx.sg_singapore.wind100m,9.2835,m/s,demo,2026-04-02
2026-04-03,wx.sg_singapore.wind100m,10.4066,m/s,demo,2026-04-03
2026-04-06,wx.sg_singapore.wind100m,8.8118,m/s,demo,2026-04-06
2026-04-07,wx.sg_singapore.wind100m,7.662,m/s,demo,2026-04-07
2026-04-08,wx.sg_singapore.wind100m,6.732,m/s,demo,2026-04-08
2026-04-09,wx.sg_singapore.wind100m,5.2952,m/s,demo,2026-04-09
2026-04-10,wx.sg_singapore.wind100m,5.9131,m/s,demo,2026-04-10
2026-04-13,wx.sg_singapore.wind100m,4.5912,m/s,demo,2026-04-13
2026-04-14,wx.sg_singapore.wind100m,5.3516,m/s,demo,2026-04-14
2026-04-15,wx.sg_singapore.wind100m,6.7614,m/s,demo,2026-04-15
2026-04-16,wx.sg_singapore.wind100m,5.505,m/s,demo,2026-04-16
2026-04-17,wx.sg_singapore.wind100m,5.4761,m/s,demo,2026-04-17
2026-04-20,wx.sg_singapore.wind100m,4.1703,m/s,demo,2026-04-20
2026-04-21,wx.sg_singapore.wind100m,5.2181,m/s,demo,2026-04-21
2026-04-22,wx.sg_singapore.wind100m,4.8955,m/s,demo,2026-04-22
2026-04-23,wx.sg_singapore.wind100m,4.9985,m/s,demo,2026-04-23
2026-04-24,wx.sg_singapore.wind100m,5.3422,m/s,demo,2026-04-24
2026-04-27,wx.sg_singapore.wind100m,6.027,m/s,demo,2026-04-27
2026-04-28,wx.sg_singapore.wind100m,5.8955,m/s,demo,2026-04-28
2026-04-29,wx.sg_singapore.wind100m,6.0733,m/s,demo,2026-04-29
2026-04-30,wx.sg_singapore.wind100m,5.775,m/s,demo,2026-04-30
2026-05-01,wx.sg_singapore.wind100m,6.0505,m/s,demo,2026-05-01
2026-05-04,wx.sg_singapore.wind100m,5.2548,m/s,demo,2026-05-04
2026-05-05,wx.sg_singapore.wind100m,5.5675,m/s,demo,2026-05-05
2026-05-06,wx.sg_singapore.wind100m,4.2366,m/s,demo,2026-05-06
2026-05-07,wx.sg_singapore.wind100m,4.259,m/s,demo,2026-05-07
2026-05-08,wx.sg_singapore.wind100m,6.2024,m/s,demo,2026-05-08
2026-05-11,wx.sg_singapore.wind100m,6.3857,m/s,demo,2026-05-11
2026-05-12,wx.sg_singapore.wind100m,5.4698,m/s,demo,2026-05-12
2026-05-13,wx.sg_singapore.wind100m,5.9051,m/s,demo,2026-05-13
2026-05-14,wx.sg_singapore.wind100m,5.2914,m/s,demo,2026-05-14
2026-05-15,wx.sg_singapore.wind100m,4.2267,m/s,demo,2026-05-15
2026-05-18,wx.sg_singapore.wind100m,4.0535,m/s,demo,2026-05-18
2026-05-19,wx.sg_singapore.wind100m,5.085,m/s,demo,2026-05-19
2026-05-20,wx.sg_singapore.wind100m,5.6793,m/s,demo,2026-05-20
2026-05-21,wx.sg_singapore.wind100m,5.7998,m/s,demo,2026-05-21
2026-05-22,wx.sg_singapore.wind100m,5.2386,m/s,demo,2026-05-22
2026-05-25,wx.sg_singapore.wind100m,4.6399,m/s,demo,2026-05-25
2026-05-26,wx.sg_singapore.wind100m,6.0737,m/s,demo,2026-05-26
2026-05-27,wx.sg_singapore.wind100m,6.4083,m/s,demo,2026-05-27
2026-05-28,wx.sg_singapore.wind100m,5.7357,m/s,demo,2026-05-28
2026-05-29,wx.sg_singapore.wind100m,4.2366,m/s,demo,2026-05-29
2026-06-01,wx.sg_singapore.wind100m,3.5552,m/s,demo,2026-06-01
2026-06-02,wx.sg_singapore.wind100m,6.052,m/s,demo,2026-06-02
2026-06-03,wx.sg_singapore.wind100m,5.2751,m/s,demo,2026-06-03
2026-06-04,wx.sg_singapore.wind100m,5.4723,m/s,demo,2026-06-04
2026-06-05,wx.sg_singapore.wind100m,5.8696,m/s,demo,2026-06-05
2026-06-08,wx.sg_singapore.wind100m,5.913,m/s,demo,2026-06-08
2026-06-09,wx.sg_singapore.wind100m,5.8535,m/s,demo,2026-06-09
2026-06-10,wx.sg_singapore.wind100m,4.9269,m/s,demo,2026-06-10
2026-06-11,wx.sg_singapore.wind100m,4.397,m/s,demo,2026-06-11
2026-06-12,wx.sg_singapore.wind100m,6.1384,m/s,demo,2026-06-12
2026-06-15,wx.sg_singapore.wind100m,5.6626,m/s,demo,2026-06-15
2026-06-16,wx.sg_singapore.wind100m,6.5396,m/s,demo,2026-06-16
2026-06-17,wx.sg_singapore.wind100m,5.2535,m/s,demo,2026-06-17
2026-06-18,wx.sg_singapore.wind100m,5.2962,m/s,demo,2026-06-18
2026-06-19,wx.sg_singapore.wind100m,5.7606,m/s,demo,2026-06-19
2026-06-22,wx.sg_singapore.wind100m,6.7757,m/s,demo,2026-06-22
2026-06-23,wx.sg_singapore.wind100m,5.9112,m/s,demo,2026-06-23
2026-06-24,wx.sg_singapore.wind100m,6.5509,m/s,demo,2026-06-24
2026-06-25,wx.sg_singapore.wind100m,6.927,m/s,demo,2026-06-25
2026-06-26,wx.sg_singapore.wind100m,6.3479,m/s,demo,2026-06-26
2026-06-29,wx.sg_singapore.wind100m,6.8274,m/s,demo,2026-06-29
2026-06-30,wx.sg_singapore.wind100m,6.1349,m/s,demo,2026-06-30
